time_s,north_m,east_m,altitude_m,phase
0.000000000000000000e+00,0.000000000000000000e+00,0.000000000000000000e+00,9.377412497997283936e-02,0.000000000000000000e+00
2.000000000000000042e-02,-4.926567385155067313e-07,3.762307443366808002e-08,9.412384778261184692e-02,0.000000000000000000e+00
4.000000000000000083e-02,-1.893259423013660125e-06,-1.426011237981583690e-07,9.508067369461059570e-02,0.000000000000000000e+00
5.999999999999999778e-02,-3.702801450344850309e-06,-5.567266043726704083e-07,9.719397127628326416e-02,0.000000000000000000e+00
8.000000000000000167e-02,-6.777293492632452399e-06,-4.415580860950285569e-06,1.025142446160316467e-01,0.000000000000000000e+00
1.000000000000000056e-01,-1.393589809595141560e-05,-1.678467378951609135e-05,1.126872077584266663e-01,0.000000000000000000e+00
1.199999999999999956e-01,-3.061518145841546357e-05,-4.467696999199688435e-05,1.288120150566101074e-01,0.000000000000000000e+00
1.400000000000000133e-01,-6.521125033032149076e-05,-9.665833204053342342e-05,1.515489965677261353e-01,0.000000000000000000e+00
1.600000000000000033e-01,-1.283839374082162976e-04,-1.818365417420864105e-04,1.810859888792037964e-01,0.000000000000000000e+00
1.799999999999999933e-01,-2.300591877428814769e-04,-3.063039621338248253e-04,2.167161554098129272e-01,0.000000000000000000e+00
2.000000000000000111e-01,-3.765949513763189316e-04,-4.706366453319787979e-04,2.569063007831573486e-01,0.000000000000000000e+00
2.200000000000000011e-01,-5.716280429624021053e-04,-6.719919038005173206e-04,3.000596463680267334e-01,0.000000000000000000e+00
2.399999999999999911e-01,-8.167728665284812450e-04,-9.057967108674347401e-04,3.448147773742675781e-01,0.000000000000000000e+00
2.600000000000000089e-01,-1.113675534725189209e-03,-1.167038688436150551e-03,3.901900053024291992e-01,0.000000000000000000e+00
2.800000000000000266e-01,-1.465789973735809326e-03,-1.450913026928901672e-03,4.355916976928710938e-01,0.000000000000000000e+00
2.999999999999999889e-01,-1.878740964457392693e-03,-1.752676325850188732e-03,4.806900620460510254e-01,0.000000000000000000e+00
3.200000000000000067e-01,-2.361802617087960243e-03,-2.067419467493891716e-03,5.253939628601074219e-01,0.000000000000000000e+00
3.400000000000000244e-01,-2.928060712292790413e-03,-2.389249159023165703e-03,5.697702169418334961e-01,0.000000000000000000e+00
3.599999999999999867e-01,-3.592630615457892418e-03,-2.710510976612567902e-03,6.139142513275146484e-01,0.000000000000000000e+00
3.800000000000000044e-01,-4.371876828372478485e-03,-3.021650249138474464e-03,6.579078435897827148e-01,0.000000000000000000e+00
4.000000000000000222e-01,-5.282619968056678772e-03,-3.311457345262169838e-03,7.017978429794311523e-01,0.000000000000000000e+00
4.199999999999999845e-01,-6.344416178762912750e-03,-3.566792001947760582e-03,7.456626892089843750e-01,0.000000000000000000e+00
4.400000000000000022e-01,-7.577612996101379395e-03,-3.773164236918091774e-03,7.895632386207580566e-01,0.000000000000000000e+00
4.600000000000000200e-01,-9.001310914754867554e-03,-3.915560431778430939e-03,8.335075378417968750e-01,0.000000000000000000e+00
4.799999999999999822e-01,-1.063360460102558136e-02,-3.978794440627098083e-03,8.774740099906921387e-01,0.000000000000000000e+00
5.000000000000000000e-01,-1.249197684228420258e-02,-3.947669174522161484e-03,9.214285016059875488e-01,0.000000000000000000e+00
5.200000000000000178e-01,-1.459683477878570557e-02,-3.805652493610978127e-03,9.653841853141784668e-01,0.000000000000000000e+00
5.400000000000000355e-01,-1.696934737265110016e-02,-3.535941010341048241e-03,1.009363651275634766e+00,1.000000000000000000e+00
5.600000000000000533e-01,-1.962752453982830048e-02,-3.123511327430605888e-03,1.053345680236816406e+00,1.000000000000000000e+00
5.799999999999999600e-01,-2.258861437439918518e-02,-2.554731676355004311e-03,1.097308278083801270e+00,1.000000000000000000e+00
5.999999999999999778e-01,-2.587067894637584686e-02,-1.817877870053052902e-03,1.141251921653747559e+00,1.000000000000000000e+00
6.199999999999999956e-01,-2.949494868516921997e-02,-9.034080430865287781e-04,1.185224175453186035e+00,1.000000000000000000e+00
6.400000000000000133e-01,-3.347697854042053223e-02,1.900061324704438448e-04,1.229221820831298828e+00,1.000000000000000000e+00
6.600000000000000311e-01,-3.783413395285606384e-02,1.458636834286153316e-03,1.273284435272216797e+00,1.000000000000000000e+00
6.800000000000000488e-01,-4.257946461439132690e-02,2.891391050070524216e-03,1.317436337471008301e+00,1.000000000000000000e+00
7.000000000000000666e-01,-4.772119596600532532e-02,4.470486659556627274e-03,1.361689090728759766e+00,1.000000000000000000e+00
7.199999999999999734e-01,-5.326003208756446838e-02,6.171769928187131882e-03,1.406018257141113281e+00,1.000000000000000000e+00
7.399999999999999911e-01,-5.919061973690986633e-02,7.966486737132072449e-03,1.450379610061645508e+00,1.000000000000000000e+00
7.600000000000000089e-01,-6.550573557615280151e-02,9.823499247431755066e-03,1.494752407073974609e+00,1.000000000000000000e+00
7.800000000000000266e-01,-7.219596207141876221e-02,1.170979533344507217e-02,1.539138913154602051e+00,1.000000000000000000e+00
8.000000000000000444e-01,-7.924837619066238403e-02,1.359118428081274033e-02,1.583550214767456055e+00,1.000000000000000000e+00
8.200000000000000622e-01,-8.664271235466003418e-02,1.543388981372117996e-02,1.627958655357360840e+00,1.000000000000000000e+00
8.399999999999999689e-01,-9.435564279556274414e-02,1.720549724996089935e-02,1.672338724136352539e+00,1.000000000000000000e+00
8.599999999999999867e-01,-1.023631989955902100e-01,1.887506432831287384e-02,1.716693639755249023e+00,1.000000000000000000e+00
8.800000000000000044e-01,-1.106396988034248352e-01,2.041352726519107819e-02,1.761042356491088867e+00,1.000000000000000000e+00
9.000000000000000222e-01,-1.191568300127983093e-01,2.179490216076374054e-02,1.805401086807250977e+00,1.000000000000000000e+00
9.200000000000000400e-01,-1.278828680515289307e-01,2.299827151000499725e-02,1.849756121635437012e+00,1.000000000000000000e+00
9.400000000000000577e-01,-1.367850601673126221e-01,2.400722168385982513e-02,1.894089102745056152e+00,1.000000000000000000e+00
9.599999999999999645e-01,-1.458307802677154541e-01,2.480916120111942291e-02,1.938390731811523438e+00,1.000000000000000000e+00
9.799999999999999822e-01,-1.549883484840393066e-01,2.539386041462421417e-02,1.982685089111328125e+00,1.000000000000000000e+00
1.000000000000000000e+00,-1.642267554998397827e-01,2.575429715216159821e-02,2.027014017105102539e+00,1.000000000000000000e+00
1.020000000000000018e+00,-1.735155582427978516e-01,2.588890865445137024e-02,2.071399927139282227e+00,1.000000000000000000e+00
1.040000000000000036e+00,-1.828261911869049072e-01,2.580100484192371368e-02,2.115854263305664062e+00,1.000000000000000000e+00
1.060000000000000053e+00,-1.921328455209732056e-01,2.549684792757034302e-02,2.160407781600952148e+00,1.000000000000000000e+00
1.080000000000000071e+00,-2.014129757881164551e-01,2.498629130423069000e-02,2.205092430114746094e+00,1.000000000000000000e+00
1.100000000000000089e+00,-2.106482386589050293e-01,2.428332902491092682e-02,2.249920606613159180e+00,1.000000000000000000e+00
1.120000000000000107e+00,-2.198255211114883423e-01,2.340587042272090912e-02,2.294874429702758789e+00,1.000000000000000000e+00
1.140000000000000124e+00,-2.289371341466903687e-01,2.237428165972232819e-02,2.339920282363891602e+00,1.000000000000000000e+00
1.159999999999999920e+00,-2.379799038171768188e-01,2.120861597359180450e-02,2.385066747665405273e+00,1.000000000000000000e+00
1.179999999999999938e+00,-2.469554096460342407e-01,1.992889866232872009e-02,2.430343389511108398e+00,1.000000000000000000e+00
1.199999999999999956e+00,-2.558707296848297119e-01,1.855568587779998779e-02,2.475759983062744141e+00,1.000000000000000000e+00
1.219999999999999973e+00,-2.647386193275451660e-01,1.710957475006580353e-02,2.521282434463500977e+00,1.000000000000000000e+00
1.239999999999999991e+00,-2.735765278339385986e-01,1.560959499329328537e-02,2.566870689392089844e+00,1.000000000000000000e+00
1.260000000000000009e+00,-2.824054360389709473e-01,1.407238002866506577e-02,2.612496376037597656e+00,1.000000000000000000e+00
1.280000000000000027e+00,-2.912493050098419189e-01,1.251183822751045227e-02,2.658141851425170898e+00,1.000000000000000000e+00
1.300000000000000044e+00,-3.001346886157989502e-01,1.093882229179143906e-02,2.703816413879394531e+00,1.000000000000000000e+00
1.320000000000000062e+00,-3.090896606445312500e-01,9.361081756651401520e-03,2.749487876892089844e+00,1.000000000000000000e+00
1.340000000000000080e+00,-3.181430697441101074e-01,7.782971486449241638e-03,2.795112371444702148e+00,1.000000000000000000e+00
1.360000000000000098e+00,-3.273253738880157471e-01,6.205282639712095261e-03,2.840683698654174805e+00,1.000000000000000000e+00
1.380000000000000115e+00,-3.366665840148925781e-01,4.625222645699977875e-03,2.886200189590454102e+00,1.000000000000000000e+00
1.400000000000000133e+00,-3.461962640285491943e-01,3.036571433767676353e-03,2.931670427322387695e+00,1.000000000000000000e+00
1.419999999999999929e+00,-3.559423089027404785e-01,1.430188771337270737e-03,2.977097511291503906e+00,1.000000000000000000e+00
1.439999999999999947e+00,-3.659307062625885010e-01,-2.056694065686315298e-04,3.022484064102172852e+00,1.000000000000000000e+00
1.459999999999999964e+00,-3.761849701404571533e-01,-1.885195379145443439e-03,3.067838907241821289e+00,1.000000000000000000e+00
1.479999999999999982e+00,-3.867254257202148438e-01,-3.624813165515661240e-03,3.113170623779296875e+00,1.000000000000000000e+00
1.500000000000000000e+00,-3.975688815116882324e-01,-5.442797206342220306e-03,3.158490419387817383e+00,1.000000000000000000e+00
1.520000000000000018e+00,-4.087274670600891113e-01,-7.358334027230739594e-03,3.203795194625854492e+00,1.000000000000000000e+00
1.540000000000000036e+00,-4.202105998992919922e-01,-9.391761384904384613e-03,3.249095916748046875e+00,1.000000000000000000e+00
1.560000000000000053e+00,-4.320245981216430664e-01,-1.156428642570972443e-02,3.294412612915039062e+00,1.000000000000000000e+00
1.580000000000000071e+00,-4.441706538200378418e-01,-1.389694306999444962e-02,3.339752674102783203e+00,1.000000000000000000e+00
1.600000000000000089e+00,-4.566439092159271240e-01,-1.640946418046951294e-02,3.385099411010742188e+00,1.000000000000000000e+00
1.620000000000000107e+00,-4.694351255893707275e-01,-1.912002265453338623e-02,3.430425167083740234e+00,1.000000000000000000e+00
1.640000000000000124e+00,-4.825326502323150635e-01,-2.204576507210731506e-02,3.475711107254028320e+00,1.000000000000000000e+00
1.660000000000000142e+00,-4.959232509136199951e-01,-2.520321868360042572e-02,3.520955562591552734e+00,1.000000000000000000e+00
1.679999999999999938e+00,-5.095906853675842285e-01,-2.860689163208007812e-02,3.566154718399047852e+00,1.000000000000000000e+00
1.699999999999999956e+00,-5.235162377357482910e-01,-3.226893767714500427e-02,3.611302137374877930e+00,1.000000000000000000e+00
1.719999999999999973e+00,-5.376791357994079590e-01,-3.619864583015441895e-02,3.656389474868774414e+00,1.000000000000000000e+00
1.739999999999999991e+00,-5.520569682121276855e-01,-4.040191695094108582e-02,3.701400756835937500e+00,1.000000000000000000e+00
1.760000000000000009e+00,-5.666267871856689453e-01,-4.488221555948257446e-02,3.746326208114624023e+00,1.000000000000000000e+00
1.780000000000000027e+00,-5.813660621643066406e-01,-4.964216426014900208e-02,3.791181087493896484e+00,1.000000000000000000e+00
1.800000000000000044e+00,-5.962527394294738770e-01,-5.468259751796722412e-02,3.835993289947509766e+00,1.000000000000000000e+00
1.820000000000000062e+00,-6.112636327743530273e-01,-5.999835953116416931e-02,3.880747795104980469e+00,1.000000000000000000e+00
1.840000000000000080e+00,-6.263762712478637695e-01,-6.558015942573547363e-02,3.925407171249389648e+00,1.000000000000000000e+00
1.860000000000000098e+00,-6.415703296661376953e-01,-7.141816616058349609e-02,3.969958305358886719e+00,1.000000000000000000e+00
1.880000000000000115e+00,-6.568278074264526367e-01,-7.750202715396881104e-02,4.014407157897949219e+00,1.000000000000000000e+00
1.900000000000000133e+00,-6.721333265304565430e-01,-8.382160961627960205e-02,4.058789253234863281e+00,1.000000000000000000e+00
1.919999999999999929e+00,-6.874737739562988281e-01,-9.036451578140258789e-02,4.103127002716064453e+00,1.000000000000000000e+00
1.939999999999999947e+00,-7.028390765190124512e-01,-9.711705893278121948e-02,4.147441864013671875e+00,1.000000000000000000e+00
1.959999999999999964e+00,-7.182222008705139160e-01,-1.040655598044395447e-01,4.191767215728759766e+00,1.000000000000000000e+00
1.979999999999999982e+00,-7.336192131042480469e-01,-1.111960038542747498e-01,4.236139297485351562e+00,1.000000000000000000e+00
2.000000000000000000e+00,-7.490296363830566406e-01,-1.184940487146377563e-01,4.280589580535888672e+00,1.000000000000000000e+00
2.020000000000000018e+00,-7.644562125205993652e-01,-1.259426325559616089e-01,4.325076103210449219e+00,1.000000000000000000e+00
2.040000000000000036e+00,-7.799049019813537598e-01,-1.335241198539733887e-01,4.369519710540771484e+00,1.000000000000000000e+00
2.060000000000000053e+00,-7.953842282295227051e-01,-1.412235945463180542e-01,4.413884639739990234e+00,1.000000000000000000e+00
2.080000000000000071e+00,-8.109054565429687500e-01,-1.490290015935897827e-01,4.458183765411376953e+00,1.000000000000000000e+00
2.100000000000000089e+00,-8.264816403388977051e-01,-1.569303423166275024e-01,4.502456665039062500e+00,1.000000000000000000e+00
2.120000000000000107e+00,-8.421262502670288086e-01,-1.649177670478820801e-01,4.546683311462402344e+00,1.000000000000000000e+00
2.140000000000000124e+00,-8.578534722328186035e-01,-1.729829460382461548e-01,4.590830326080322266e+00,1.000000000000000000e+00
2.160000000000000142e+00,-8.736788630485534668e-01,-1.811204999685287476e-01,4.634906768798828125e+00,1.000000000000000000e+00
2.180000000000000160e+00,-8.896182179450988770e-01,-1.893274039030075073e-01,4.678930759429931641e+00,1.000000000000000000e+00
2.200000000000000178e+00,-9.056874513626098633e-01,-1.976028680801391602e-01,4.722926616668701172e+00,1.000000000000000000e+00
2.220000000000000195e+00,-9.219007492065429688e-01,-2.059474438428878784e-01,4.766889572143554688e+00,1.000000000000000000e+00
2.240000000000000213e+00,-9.382715821266174316e-01,-2.143634259700775146e-01,4.810809612274169922e+00,1.000000000000000000e+00
2.260000000000000231e+00,-9.548130035400390625e-01,-2.228554189205169678e-01,4.854697227478027344e+00,1.000000000000000000e+00
2.280000000000000249e+00,-9.715363979339599609e-01,-2.314298003911972046e-01,4.898559093475341797e+00,1.000000000000000000e+00
2.300000000000000266e+00,-9.884510636329650879e-01,-2.400945276021957397e-01,4.942397117614746094e+00,1.000000000000000000e+00
2.319999999999999840e+00,-1.005564332008361816e+00,-2.488588243722915649e-01,4.986211299896240234e+00,1.000000000000000000e+00
2.339999999999999858e+00,-1.022882223129272461e+00,-2.577334642410278320e-01,5.030016899108886719e+00,1.000000000000000000e+00
2.359999999999999876e+00,-1.040408611297607422e+00,-2.667303085327148438e-01,5.073828220367431641e+00,1.000000000000000000e+00
2.379999999999999893e+00,-1.058143973350524902e+00,-2.758617699146270752e-01,5.117648124694824219e+00,1.000000000000000000e+00
2.399999999999999911e+00,-1.076086759567260742e+00,-2.851410210132598877e-01,5.161481857299804688e+00,1.000000000000000000e+00
2.419999999999999929e+00,-1.094232320785522461e+00,-2.945806682109832764e-01,5.205317974090576172e+00,1.000000000000000000e+00
2.439999999999999947e+00,-1.112573266029357910e+00,-3.041925728321075439e-01,5.249135017395019531e+00,1.000000000000000000e+00
2.459999999999999964e+00,-1.131101131439208984e+00,-3.139886558055877686e-01,5.292921066284179688e+00,1.000000000000000000e+00
2.479999999999999982e+00,-1.149806618690490723e+00,-3.239814341068267822e-01,5.336685180664062500e+00,1.000000000000000000e+00
2.500000000000000000e+00,-1.168679356575012207e+00,-3.341830074787139893e-01,5.380444526672363281e+00,1.000000000000000000e+00
2.520000000000000018e+00,-1.187706351280212402e+00,-3.446026742458343506e-01,5.424186706542968750e+00,1.000000000000000000e+00
2.540000000000000036e+00,-1.206873416900634766e+00,-3.552474677562713623e-01,5.467886447906494141e+00,1.000000000000000000e+00
2.560000000000000053e+00,-1.226164937019348145e+00,-3.661234378814697266e-01,5.511524677276611328e+00,1.000000000000000000e+00
2.580000000000000071e+00,-1.245566606521606445e+00,-3.772374987602233887e-01,5.555116176605224609e+00,1.000000000000000000e+00
2.600000000000000089e+00,-1.265063285827636719e+00,-3.885969519615173340e-01,5.598700523376464844e+00,1.000000000000000000e+00
2.620000000000000107e+00,-1.284639120101928711e+00,-4.002050459384918213e-01,5.642275333404541016e+00,1.000000000000000000e+00
2.640000000000000124e+00,-1.304277420043945312e+00,-4.120620489120483398e-01,5.685814857482910156e+00,1.000000000000000000e+00
2.660000000000000142e+00,-1.323962688446044922e+00,-4.241680204868316650e-01,5.729314327239990234e+00,1.000000000000000000e+00
2.680000000000000160e+00,-1.343679904937744141e+00,-4.365231990814208984e-01,5.772789955139160156e+00,1.000000000000000000e+00
2.700000000000000178e+00,-1.363415479660034180e+00,-4.491275548934936523e-01,5.816276550292968750e+00,1.000000000000000000e+00
2.720000000000000195e+00,-1.383156657218933105e+00,-4.619762897491455078e-01,5.859760284423828125e+00,1.000000000000000000e+00
2.740000000000000213e+00,-1.402892112731933594e+00,-4.750617742538452148e-01,5.903204917907714844e+00,1.000000000000000000e+00
2.760000000000000231e+00,-1.422612547874450684e+00,-4.883774220943450928e-01,5.946609973907470703e+00,1.000000000000000000e+00
2.780000000000000249e+00,-1.442309856414794922e+00,-5.019165873527526855e-01,5.989987850189208984e+00,1.000000000000000000e+00
2.800000000000000266e+00,-1.461977243423461914e+00,-5.156725049018859863e-01,6.033356666564941406e+00,1.000000000000000000e+00
2.819999999999999840e+00,-1.481610417366027832e+00,-5.296359658241271973e-01,6.076709747314453125e+00,1.000000000000000000e+00
2.839999999999999858e+00,-1.501206755638122559e+00,-5.437977313995361328e-01,6.120040416717529297e+00,1.000000000000000000e+00
2.859999999999999876e+00,-1.520765185356140137e+00,-5.581488013267517090e-01,6.163351535797119141e+00,1.000000000000000000e+00
2.879999999999999893e+00,-1.540285825729370117e+00,-5.726809501647949219e-01,6.206660747528076172e+00,1.000000000000000000e+00
2.899999999999999911e+00,-1.559769630432128906e+00,-5.873870849609375000e-01,6.249997615814208984e+00,1.000000000000000000e+00
2.919999999999999929e+00,-1.579219460487365723e+00,-6.022584438323974609e-01,6.293353557586669922e+00,1.000000000000000000e+00
2.939999999999999947e+00,-1.598639607429504395e+00,-6.172857880592346191e-01,6.336690902709960938e+00,1.000000000000000000e+00
2.959999999999999964e+00,-1.618034839630126953e+00,-6.324619054794311523e-01,6.380002975463867188e+00,1.000000000000000000e+00
2.979999999999999982e+00,-1.637410402297973633e+00,-6.477814316749572754e-01,6.423306941986083984e+00,1.000000000000000000e+00
3.000000000000000000e+00,-1.656771898269653320e+00,-6.632403135299682617e-01,6.466629028320312500e+00,1.000000000000000000e+00
3.020000000000000018e+00,-1.676125288009643555e+00,-6.788341999053955078e-01,6.509956836700439453e+00,1.000000000000000000e+00
3.040000000000000036e+00,-1.695476889610290527e+00,-6.945590972900390625e-01,6.553268909454345703e+00,1.000000000000000000e+00
3.060000000000000053e+00,-1.714833021163940430e+00,-7.104133963584899902e-01,6.596567630767822266e+00,1.000000000000000000e+00
3.080000000000000071e+00,-1.734199285507202148e+00,-7.263967990875244141e-01,6.639868259429931641e+00,1.000000000000000000e+00
3.100000000000000089e+00,-1.753580451011657715e+00,-7.425112724304199219e-01,6.683207511901855469e+00,1.000000000000000000e+00
3.120000000000000107e+00,-1.772980570793151855e+00,-7.587580084800720215e-01,6.726582527160644531e+00,1.000000000000000000e+00
3.140000000000000124e+00,-1.792402982711791992e+00,-7.751387357711791992e-01,6.769976615905761719e+00,1.000000000000000000e+00
3.160000000000000142e+00,-1.811850190162658691e+00,-7.916563153266906738e-01,6.813384532928466797e+00,1.000000000000000000e+00
3.180000000000000160e+00,-1.831323623657226562e+00,-8.083152174949645996e-01,6.856816291809082031e+00,1.000000000000000000e+00
3.200000000000000178e+00,-1.850823640823364258e+00,-8.251209259033203125e-01,6.900294303894042969e+00,1.000000000000000000e+00
3.220000000000000195e+00,-1.870349287986755371e+00,-8.420774936676025391e-01,6.943793773651123047e+00,1.000000000000000000e+00
3.240000000000000213e+00,-1.889898657798767090e+00,-8.591883778572082520e-01,6.987277507781982422e+00,1.000000000000000000e+00
3.260000000000000231e+00,-1.909469366073608398e+00,-8.764591813087463379e-01,7.030747413635253906e+00,1.000000000000000000e+00
3.280000000000000249e+00,-1.929057598114013672e+00,-8.938974738121032715e-01,7.074244499206542969e+00,1.000000000000000000e+00
3.300000000000000266e+00,-1.948658347129821777e+00,-9.115108251571655273e-01,7.117803573608398438e+00,1.000000000000000000e+00
3.320000000000000284e+00,-1.968264818191528320e+00,-9.293040633201599121e-01,7.161399841308593750e+00,1.000000000000000000e+00
3.339999999999999858e+00,-1.987869739532470703e+00,-9.472799301147460938e-01,7.204973220825195312e+00,1.000000000000000000e+00
3.359999999999999876e+00,-2.007464647293090820e+00,-9.654428958892822266e-01,7.248499870300292969e+00,1.000000000000000000e+00
3.379999999999999893e+00,-2.027039766311645508e+00,-9.838000535964965820e-01,7.292011260986328125e+00,1.000000000000000000e+00
3.399999999999999911e+00,-2.046584844589233398e+00,-1.002359151840209961e+00,7.335549354553222656e+00,1.000000000000000000e+00
3.419999999999999929e+00,-2.066088914871215820e+00,-1.021124005317687988e+00,7.379090785980224609e+00,1.000000000000000000e+00
3.439999999999999947e+00,-2.085540771484375000e+00,-1.040095925331115723e+00,7.422585964202880859e+00,1.000000000000000000e+00
3.459999999999999964e+00,-2.104928731918334961e+00,-1.059278488159179688e+00,7.466031074523925781e+00,1.000000000000000000e+00
3.479999999999999982e+00,-2.124240159988403320e+00,-1.078677058219909668e+00,7.509462833404541016e+00,1.000000000000000000e+00
3.500000000000000000e+00,-2.143462181091308594e+00,-1.098296403884887695e+00,7.552920341491699219e+00,1.000000000000000000e+00
3.520000000000000018e+00,-2.162583112716674805e+00,-1.118135929107666016e+00,7.596379280090332031e+00,1.000000000000000000e+00
3.540000000000000036e+00,-2.181593418121337891e+00,-1.138193368911743164e+00,7.639795303344726562e+00,1.000000000000000000e+00
3.560000000000000053e+00,-2.200481891632080078e+00,-1.158467531204223633e+00,7.683166503906250000e+00,1.000000000000000000e+00
3.580000000000000071e+00,-2.219237565994262695e+00,-1.178958058357238770e+00,7.726521492004394531e+00,1.000000000000000000e+00
3.600000000000000089e+00,-2.237849712371826172e+00,-1.199664592742919922e+00,7.769896030426025391e+00,1.000000000000000000e+00
3.620000000000000107e+00,-2.256309270858764648e+00,-1.220582127571105957e+00,7.813278675079345703e+00,1.000000000000000000e+00
3.640000000000000124e+00,-2.274610042572021484e+00,-1.241704940795898438e+00,7.856645584106445312e+00,1.000000000000000000e+00
3.660000000000000142e+00,-2.292743921279907227e+00,-1.263028621673583984e+00,7.900021076202392578e+00,1.000000000000000000e+00
3.680000000000000160e+00,-2.310703754425048828e+00,-1.284548401832580566e+00,7.943437099456787109e+00,1.000000000000000000e+00
3.700000000000000178e+00,-2.328484058380126953e+00,-1.306258320808410645e+00,7.986913681030273438e+00,1.000000000000000000e+00
3.720000000000000195e+00,-2.346081972122192383e+00,-1.328149080276489258e+00,8.030424118041992188e+00,1.000000000000000000e+00
3.740000000000000213e+00,-2.363497734069824219e+00,-1.350210666656494141e+00,8.073928833007812500e+00,1.000000000000000000e+00
3.760000000000000231e+00,-2.380731105804443359e+00,-1.372433781623840332e+00,8.117413520812988281e+00,1.000000000000000000e+00
3.780000000000000249e+00,-2.397781133651733398e+00,-1.394809842109680176e+00,8.160886764526367188e+00,1.000000000000000000e+00
3.800000000000000266e+00,-2.414648056030273438e+00,-1.417330980300903320e+00,8.204371452331542969e+00,1.000000000000000000e+00
3.820000000000000284e+00,-2.431333780288696289e+00,-1.439987421035766602e+00,8.247849464416503906e+00,1.000000000000000000e+00
3.839999999999999858e+00,-2.447842836380004883e+00,-1.462768912315368652e+00,8.291293144226074219e+00,1.000000000000000000e+00
3.859999999999999876e+00,-2.464177131652832031e+00,-1.485667586326599121e+00,8.334723472595214844e+00,1.000000000000000000e+00
3.879999999999999893e+00,-2.480338335037231445e+00,-1.508676528930664062e+00,8.378182411193847656e+00,1.000000000000000000e+00
3.899999999999999911e+00,-2.496327400207519531e+00,-1.531789302825927734e+00,8.421708106994628906e+00,1.000000000000000000e+00
3.919999999999999929e+00,-2.512148141860961914e+00,-1.554998397827148438e+00,8.465289115905761719e+00,1.000000000000000000e+00
3.939999999999999947e+00,-2.527805328369140625e+00,-1.578296542167663574e+00,8.508886337280273438e+00,1.000000000000000000e+00
3.959999999999999964e+00,-2.543302297592163086e+00,-1.601677417755126953e+00,8.552478790283203125e+00,1.000000000000000000e+00
3.979999999999999982e+00,-2.558640480041503906e+00,-1.625137090682983398e+00,8.596087455749511719e+00,1.000000000000000000e+00
4.000000000000000000e+00,-2.573820114135742188e+00,-1.648672461509704590e+00,8.639749526977539062e+00,1.000000000000000000e+00
4.020000000000000462e+00,-2.588842868804931641e+00,-1.672279715538024902e+00,8.683442115783691406e+00,1.000000000000000000e+00
4.040000000000000036e+00,-2.603710889816284180e+00,-1.695955634117126465e+00,8.727120399475097656e+00,1.000000000000000000e+00
4.060000000000000497e+00,-2.618424892425537109e+00,-1.719697952270507812e+00,8.770774841308593750e+00,1.000000000000000000e+00
4.080000000000000071e+00,-2.632983446121215820e+00,-1.743505835533142090e+00,8.814425468444824219e+00,1.000000000000000000e+00
4.099999999999999645e+00,-2.647384405136108398e+00,-1.767378926277160645e+00,8.858104705810546875e+00,1.000000000000000000e+00
4.120000000000000107e+00,-2.661627292633056641e+00,-1.791316032409667969e+00,8.901795387268066406e+00,1.000000000000000000e+00
4.139999999999999680e+00,-2.675711870193481445e+00,-1.815315842628479004e+00,8.945464134216308594e+00,1.000000000000000000e+00
4.160000000000000142e+00,-2.689636230468750000e+00,-1.839378118515014648e+00,8.989124298095703125e+00,1.000000000000000000e+00
4.179999999999999716e+00,-2.703396558761596680e+00,-1.863503098487854004e+00,9.032816886901855469e+00,1.000000000000000000e+00
4.200000000000000178e+00,-2.716988563537597656e+00,-1.887691378593444824e+00,9.076567649841308594e+00,1.000000000000000000e+00
4.219999999999999751e+00,-2.730410575866699219e+00,-1.911942124366760254e+00,9.120348930358886719e+00,1.000000000000000000e+00
4.240000000000000213e+00,-2.743660449981689453e+00,-1.936254858970642090e+00,9.164121627807617188e+00,1.000000000000000000e+00
4.259999999999999787e+00,-2.756734132766723633e+00,-1.960629224777221680e+00,9.207883834838867188e+00,1.000000000000000000e+00
4.280000000000000249e+00,-2.769627332687377930e+00,-1.985065579414367676e+00,9.251643180847167969e+00,1.000000000000000000e+00
4.299999999999999822e+00,-2.782333612442016602e+00,-2.009564399719238281e+00,9.295428276062011719e+00,1.000000000000000000e+00
4.320000000000000284e+00,-2.794848442077636719e+00,-2.034125089645385742e+00,9.339216232299804688e+00,1.000000000000000000e+00
4.339999999999999858e+00,-2.807169437408447266e+00,-2.058746576309204102e+00,9.382957458496093750e+00,1.000000000000000000e+00
4.360000000000000320e+00,-2.819291114807128906e+00,-2.083427429199218750e+00,9.426651000976562500e+00,1.000000000000000000e+00
4.379999999999999893e+00,-2.831206560134887695e+00,-2.108166933059692383e+00,9.470336914062500000e+00,1.000000000000000000e+00
4.400000000000000355e+00,-2.842907428741455078e+00,-2.132965326309204102e+00,9.514060020446777344e+00,1.000000000000000000e+00
4.419999999999999929e+00,-2.854389905929565430e+00,-2.157820224761962891e+00,9.557799339294433594e+00,1.000000000000000000e+00
4.440000000000000391e+00,-2.865651130676269531e+00,-2.182728290557861328e+00,9.601512908935546875e+00,1.000000000000000000e+00
4.459999999999999964e+00,-2.876687049865722656e+00,-2.207686662673950195e+00,9.645189285278320312e+00,1.000000000000000000e+00
4.480000000000000426e+00,-2.887491941452026367e+00,-2.232692241668701172e+00,9.688839912414550781e+00,1.000000000000000000e+00
4.500000000000000000e+00,-2.898059606552124023e+00,-2.257741689682006836e+00,9.732492446899414062e+00,1.000000000000000000e+00
4.520000000000000462e+00,-2.908386468887329102e+00,-2.282831668853759766e+00,9.776138305664062500e+00,1.000000000000000000e+00
4.540000000000000036e+00,-2.918469667434692383e+00,-2.307957172393798828e+00,9.819755554199218750e+00,1.000000000000000000e+00
4.560000000000000497e+00,-2.928303956985473633e+00,-2.333113670349121094e+00,9.863362312316894531e+00,1.000000000000000000e+00
4.580000000000000071e+00,-2.937882661819458008e+00,-2.358297109603881836e+00,9.907000541687011719e+00,1.000000000000000000e+00
4.600000000000000533e+00,-2.947198867797851562e+00,-2.383502960205078125e+00,9.950716972351074219e+00,1.000000000000000000e+00
4.620000000000000107e+00,-2.956248998641967773e+00,-2.408725738525390625e+00,9.994509696960449219e+00,1.000000000000000000e+00
4.639999999999999680e+00,-2.965031147003173828e+00,-2.433960199356079102e+00,1.003834438323974609e+01,1.000000000000000000e+00
4.660000000000000142e+00,-2.973543405532836914e+00,-2.459200859069824219e+00,1.008221817016601562e+01,1.000000000000000000e+00
4.679999999999999716e+00,-2.981780052185058594e+00,-2.484442949295043945e+00,1.012615585327148438e+01,1.000000000000000000e+00
4.700000000000000178e+00,-2.989734649658203125e+00,-2.509680747985839844e+00,1.017019939422607422e+01,1.000000000000000000e+00
4.719999999999999751e+00,-2.997406482696533203e+00,-2.534910202026367188e+00,1.021432018280029297e+01,1.000000000000000000e+00
4.740000000000000213e+00,-3.004796743392944336e+00,-2.560126066207885742e+00,1.025845050811767578e+01,1.000000000000000000e+00
4.759999999999999787e+00,-3.011904239654541016e+00,-2.585324287414550781e+00,1.030256843566894531e+01,1.000000000000000000e+00
4.780000000000000249e+00,-3.018723964691162109e+00,-2.610500097274780273e+00,1.034670734405517578e+01,1.000000000000000000e+00
4.799999999999999822e+00,-3.025248289108276367e+00,-2.635650396347045898e+00,1.039092350006103516e+01,1.000000000000000000e+00
4.820000000000000284e+00,-3.031476497650146484e+00,-2.660770893096923828e+00,1.043519878387451172e+01,1.000000000000000000e+00
4.839999999999999858e+00,-3.037409305572509766e+00,-2.685858249664306641e+00,1.047948074340820312e+01,1.000000000000000000e+00
4.860000000000000320e+00,-3.043046236038208008e+00,-2.710908889770507812e+00,1.052374172210693359e+01,1.000000000000000000e+00
4.879999999999999893e+00,-3.048384666442871094e+00,-2.735919952392578125e+00,1.056798744201660156e+01,1.000000000000000000e+00
4.900000000000000355e+00,-3.053418159484863281e+00,-2.760887384414672852e+00,1.061227035522460938e+01,1.000000000000000000e+00
4.919999999999999929e+00,-3.058144807815551758e+00,-2.785808086395263672e+00,1.065658950805664062e+01,1.000000000000000000e+00
4.940000000000000391e+00,-3.062567472457885742e+00,-2.810679912567138672e+00,1.070088768005371094e+01,1.000000000000000000e+00
4.959999999999999964e+00,-3.066687583923339844e+00,-2.835499286651611328e+00,1.074513244628906250e+01,1.000000000000000000e+00
4.980000000000000426e+00,-3.070501804351806641e+00,-2.860263824462890625e+00,1.078935050964355469e+01,1.000000000000000000e+00
5.000000000000000000e+00,-3.074005126953125000e+00,-2.884969472885131836e+00,1.083360576629638672e+01,1.000000000000000000e+00
5.020000000000000462e+00,-3.077198266983032227e+00,-2.909613132476806641e+00,1.087788867950439453e+01,1.000000000000000000e+00
5.040000000000000036e+00,-3.080085515975952148e+00,-2.934192419052124023e+00,1.092215061187744141e+01,1.000000000000000000e+00
5.060000000000000497e+00,-3.082668781280517578e+00,-2.958704471588134766e+00,1.096638011932373047e+01,1.000000000000000000e+00
5.080000000000000071e+00,-3.084946870803833008e+00,-2.983145952224731445e+00,1.101060867309570312e+01,1.000000000000000000e+00
5.100000000000000533e+00,-3.086916208267211914e+00,-3.007513284683227539e+00,1.105489826202392578e+01,1.000000000000000000e+00
5.120000000000000107e+00,-3.088579177856445312e+00,-3.031804561614990234e+00,1.109923171997070312e+01,1.000000000000000000e+00
5.139999999999999680e+00,-3.089941024780273438e+00,-3.056018352508544922e+00,1.114355850219726562e+01,1.000000000000000000e+00
5.160000000000000142e+00,-3.091004848480224609e+00,-3.080153465270996094e+00,1.118785476684570312e+01,1.000000000000000000e+00
5.179999999999999716e+00,-3.091770410537719727e+00,-3.104207754135131836e+00,1.123214340209960938e+01,1.000000000000000000e+00
5.200000000000000178e+00,-3.092235326766967773e+00,-3.128178119659423828e+00,1.127647972106933594e+01,1.000000000000000000e+00
5.219999999999999751e+00,-3.092402458190917969e+00,-3.152063608169555664e+00,1.132085514068603516e+01,1.000000000000000000e+00
5.240000000000000213e+00,-3.092278480529785156e+00,-3.175863504409790039e+00,1.136521244049072266e+01,1.000000000000000000e+00
5.259999999999999787e+00,-3.091867685317993164e+00,-3.199576139450073242e+00,1.140952873229980469e+01,1.000000000000000000e+00
5.280000000000000249e+00,-3.091171979904174805e+00,-3.223199844360351562e+00,1.145382308959960938e+01,1.000000000000000000e+00
5.299999999999999822e+00,-3.090189933776855469e+00,-3.246732473373413086e+00,1.149815940856933594e+01,1.000000000000000000e+00
5.320000000000000284e+00,-3.088924169540405273e+00,-3.270172119140625000e+00,1.154253864288330078e+01,1.000000000000000000e+00
5.339999999999999858e+00,-3.087382316589355469e+00,-3.293519020080566406e+00,1.158690738677978516e+01,1.000000000000000000e+00
5.360000000000000320e+00,-3.085569858551025391e+00,-3.316772460937500000e+00,1.163123607635498047e+01,1.000000000000000000e+00
5.379999999999999893e+00,-3.083486557006835938e+00,-3.339930295944213867e+00,1.167557716369628906e+01,1.000000000000000000e+00
5.400000000000000355e+00,-3.081129789352416992e+00,-3.362990140914916992e+00,1.172000885009765625e+01,1.000000000000000000e+00
5.419999999999999929e+00,-3.078502655029296875e+00,-3.385951280593872070e+00,1.176452636718750000e+01,1.000000000000000000e+00
5.440000000000000391e+00,-3.075611829757690430e+00,-3.408814191818237305e+00,1.180908012390136719e+01,1.000000000000000000e+00
5.459999999999999964e+00,-3.072461366653442383e+00,-3.431578636169433594e+00,1.185364246368408203e+01,1.000000000000000000e+00
5.480000000000000426e+00,-3.069054126739501953e+00,-3.454244136810302734e+00,1.189820766448974609e+01,1.000000000000000000e+00
5.500000000000000000e+00,-3.065392017364501953e+00,-3.476810932159423828e+00,1.194278717041015625e+01,1.000000000000000000e+00
5.520000000000000462e+00,-3.061480760574340820e+00,-3.499280691146850586e+00,1.198732852935791016e+01,1.000000000000000000e+00
5.540000000000000036e+00,-3.057329177856445312e+00,-3.521656751632690430e+00,1.203174018859863281e+01,1.000000000000000000e+00
5.560000000000000497e+00,-3.052942514419555664e+00,-3.543941736221313477e+00,1.207600498199462891e+01,1.000000000000000000e+00
5.580000000000000071e+00,-3.048321485519409180e+00,-3.566137313842773438e+00,1.212016105651855469e+01,1.000000000000000000e+00
5.600000000000000533e+00,-3.043464660644531250e+00,-3.588243484497070312e+00,1.216427993774414062e+01,1.000000000000000000e+00
5.620000000000000107e+00,-3.038375616073608398e+00,-3.610262393951416016e+00,1.220835876464843750e+01,1.000000000000000000e+00
5.639999999999999680e+00,-3.033060312271118164e+00,-3.632197141647338867e+00,1.225234603881835938e+01,1.000000000000000000e+00
5.660000000000000142e+00,-3.027523040771484375e+00,-3.654049873352050781e+00,1.229622268676757812e+01,1.000000000000000000e+00
5.679999999999999716e+00,-3.021764039993286133e+00,-3.675821542739868164e+00,1.234003162384033203e+01,1.000000000000000000e+00
5.700000000000000178e+00,-3.015781164169311523e+00,-3.697512626647949219e+00,1.238384437561035156e+01,1.000000000000000000e+00
5.719999999999999751e+00,-3.009577274322509766e+00,-3.719124317169189453e+00,1.242765045166015625e+01,1.000000000000000000e+00
5.740000000000000213e+00,-3.003159046173095703e+00,-3.740659475326538086e+00,1.247137737274169922e+01,1.000000000000000000e+00
5.759999999999999787e+00,-2.996531009674072266e+00,-3.762119293212890625e+00,1.251499462127685547e+01,1.000000000000000000e+00
5.780000000000000249e+00,-2.989692449569702148e+00,-3.783504247665405273e+00,1.255853939056396484e+01,1.000000000000000000e+00
5.799999999999999822e+00,-2.982641696929931641e+00,-3.804813623428344727e+00,1.260208225250244141e+01,1.000000000000000000e+00
5.820000000000000284e+00,-2.975381851196289062e+00,-3.826048135757446289e+00,1.264562129974365234e+01,1.000000000000000000e+00
5.839999999999999858e+00,-2.967918395996093750e+00,-3.847208499908447266e+00,1.268910408020019531e+01,1.000000000000000000e+00
5.860000000000000320e+00,-2.960254907608032227e+00,-3.868294954299926758e+00,1.273251914978027344e+01,1.000000000000000000e+00
5.879999999999999893e+00,-2.952392339706420898e+00,-3.889306783676147461e+00,1.277590179443359375e+01,1.000000000000000000e+00
5.900000000000000355e+00,-2.944330692291259766e+00,-3.910242795944213867e+00,1.281930637359619141e+01,1.000000000000000000e+00
5.919999999999999929e+00,-2.936073541641235352e+00,-3.931102752685546875e+00,1.286272716522216797e+01,1.000000000000000000e+00
5.940000000000000391e+00,-2.927627086639404297e+00,-3.951886653900146484e+00,1.290611171722412109e+01,1.000000000000000000e+00
5.959999999999999964e+00,-2.918997049331665039e+00,-3.972594261169433594e+00,1.294942760467529297e+01,1.000000000000000000e+00
5.980000000000000426e+00,-2.910185575485229492e+00,-3.993224620819091797e+00,1.299268913269042969e+01,1.000000000000000000e+00
6.000000000000000000e+00,-2.901193380355834961e+00,-4.013775825500488281e+00,1.303595256805419922e+01,1.000000000000000000e+00
6.020000000000000462e+00,-2.892023086547851562e+00,-4.034246921539306641e+00,1.307922554016113281e+01,1.000000000000000000e+00
6.040000000000000036e+00,-2.882679462432861328e+00,-4.054636478424072266e+00,1.312248420715332031e+01,1.000000000000000000e+00
6.060000000000000497e+00,-2.873165130615234375e+00,-4.074944972991943359e+00,1.316573810577392578e+01,1.000000000000000000e+00
6.080000000000000071e+00,-2.863481044769287109e+00,-4.095168113708496094e+00,1.320902347564697266e+01,1.000000000000000000e+00
6.100000000000000533e+00,-2.853627443313598633e+00,-4.115304946899414062e+00,1.325239181518554688e+01,1.000000000000000000e+00
6.120000000000000107e+00,-2.843606948852539062e+00,-4.135354518890380859e+00,1.329583930969238281e+01,1.000000000000000000e+00
6.140000000000000568e+00,-2.833424091339111328e+00,-4.155315876007080078e+00,1.333931732177734375e+01,1.000000000000000000e+00
6.160000000000000142e+00,-2.823082923889160156e+00,-4.175188541412353516e+00,1.338279342651367188e+01,1.000000000000000000e+00
6.179999999999999716e+00,-2.812584400177001953e+00,-4.194970130920410156e+00,1.342628479003906250e+01,1.000000000000000000e+00
6.200000000000000178e+00,-2.801927328109741211e+00,-4.214658737182617188e+00,1.346985340118408203e+01,1.000000000000000000e+00
6.219999999999999751e+00,-2.791113853454589844e+00,-4.234251976013183594e+00,1.351349353790283203e+01,1.000000000000000000e+00
6.240000000000000213e+00,-2.780148983001708984e+00,-4.253749847412109375e+00,1.355715179443359375e+01,1.000000000000000000e+00
6.259999999999999787e+00,-2.769035577774047852e+00,-4.273150444030761719e+00,1.360079860687255859e+01,1.000000000000000000e+00
6.280000000000000249e+00,-2.757775545120239258e+00,-4.292452812194824219e+00,1.364444541931152344e+01,1.000000000000000000e+00
6.299999999999999822e+00,-2.746368885040283203e+00,-4.311654090881347656e+00,1.368813610076904297e+01,1.000000000000000000e+00
6.320000000000000284e+00,-2.734816789627075195e+00,-4.330752372741699219e+00,1.373187065124511719e+01,1.000000000000000000e+00
6.339999999999999858e+00,-2.723123311996459961e+00,-4.349746227264404297e+00,1.377561092376708984e+01,1.000000000000000000e+00
6.360000000000000320e+00,-2.711290121078491211e+00,-4.368635177612304688e+00,1.381934356689453125e+01,1.000000000000000000e+00
6.379999999999999893e+00,-2.699317693710327148e+00,-4.387415885925292969e+00,1.386309242248535156e+01,1.000000000000000000e+00
6.400000000000000355e+00,-2.687203645706176758e+00,-4.406085968017578125e+00,1.390691566467285156e+01,1.000000000000000000e+00
6.419999999999999929e+00,-2.674949169158935547e+00,-4.424643039703369141e+00,1.395080757141113281e+01,1.000000000000000000e+00
6.440000000000000391e+00,-2.662557363510131836e+00,-4.443087577819824219e+00,1.399471092224121094e+01,1.000000000000000000e+00
6.459999999999999964e+00,-2.650029182434082031e+00,-4.461417675018310547e+00,1.403859138488769531e+01,1.000000000000000000e+00
6.480000000000000426e+00,-2.637364387512207031e+00,-4.479631900787353516e+00,1.408246040344238281e+01,1.000000000000000000e+00
6.500000000000000000e+00,-2.624561071395874023e+00,-4.497727394104003906e+00,1.412636756896972656e+01,1.000000000000000000e+00
6.520000000000000462e+00,-2.611618280410766602e+00,-4.515701770782470703e+00,1.417031288146972656e+01,1.000000000000000000e+00
6.540000000000000036e+00,-2.598537683486938477e+00,-4.533555030822753906e+00,1.421426486968994141e+01,1.000000000000000000e+00
6.560000000000000497e+00,-2.585320949554443359e+00,-4.551285266876220703e+00,1.425821113586425781e+01,1.000000000000000000e+00
6.580000000000000071e+00,-2.571966171264648438e+00,-4.568891525268554688e+00,1.430216407775878906e+01,1.000000000000000000e+00
6.600000000000000533e+00,-2.558471441268920898e+00,-4.586369991302490234e+00,1.434617424011230469e+01,1.000000000000000000e+00
6.620000000000000107e+00,-2.544836997985839844e+00,-4.603719711303710938e+00,1.439023399353027344e+01,1.000000000000000000e+00
6.640000000000000568e+00,-2.531065225601196289e+00,-4.620940685272216797e+00,1.443429374694824219e+01,1.000000000000000000e+00
6.660000000000000142e+00,-2.517157793045043945e+00,-4.638032913208007812e+00,1.447831535339355469e+01,1.000000000000000000e+00
6.679999999999999716e+00,-2.503113746643066406e+00,-4.654994010925292969e+00,1.452231788635253906e+01,1.000000000000000000e+00
6.700000000000000178e+00,-2.488931179046630859e+00,-4.671822547912597656e+00,1.456636047363281250e+01,1.000000000000000000e+00
6.719999999999999751e+00,-2.474609375000000000e+00,-4.688516139984130859e+00,1.461044025421142578e+01,1.000000000000000000e+00
6.740000000000000213e+00,-2.460151910781860352e+00,-4.705075740814208984e+00,1.465450859069824219e+01,1.000000000000000000e+00
6.759999999999999787e+00,-2.445560455322265625e+00,-4.721501827239990234e+00,1.469853496551513672e+01,1.000000000000000000e+00
6.780000000000000249e+00,-2.430834054946899414e+00,-4.737792491912841797e+00,1.474255084991455078e+01,1.000000000000000000e+00
6.799999999999999822e+00,-2.415970325469970703e+00,-4.753944396972656250e+00,1.478662109375000000e+01,1.000000000000000000e+00
6.820000000000000284e+00,-2.400969743728637695e+00,-4.769957542419433594e+00,1.483074665069580078e+01,1.000000000000000000e+00
6.839999999999999858e+00,-2.385834693908691406e+00,-4.785832405090332031e+00,1.487488746643066406e+01,1.000000000000000000e+00
6.860000000000000320e+00,-2.370565414428710938e+00,-4.801569461822509766e+00,1.491903591156005859e+01,1.000000000000000000e+00
6.879999999999999893e+00,-2.355160951614379883e+00,-4.817167758941650391e+00,1.496322059631347656e+01,1.000000000000000000e+00
6.900000000000000355e+00,-2.339619159698486328e+00,-4.832625389099121094e+00,1.500748825073242188e+01,1.000000000000000000e+00
6.919999999999999929e+00,-2.323940277099609375e+00,-4.847943782806396484e+00,1.505182456970214844e+01,1.000000000000000000e+00
6.940000000000000391e+00,-2.308127164840698242e+00,-4.863124847412109375e+00,1.509617614746093750e+01,1.000000000000000000e+00
6.959999999999999964e+00,-2.292181015014648438e+00,-4.878170967102050781e+00,1.514050865173339844e+01,1.000000000000000000e+00
6.980000000000000426e+00,-2.276100873947143555e+00,-4.893083095550537109e+00,1.518483543395996094e+01,1.000000000000000000e+00
7.000000000000000000e+00,-2.259883880615234375e+00,-4.907860755920410156e+00,1.522920227050781250e+01,1.000000000000000000e+00
7.020000000000000462e+00,-2.243529558181762695e+00,-4.922504901885986328e+00,1.527360534667968750e+01,1.000000000000000000e+00
7.040000000000000036e+00,-2.227040052413940430e+00,-4.937020301818847656e+00,1.531800365447998047e+01,1.000000000000000000e+00
7.060000000000000497e+00,-2.210416555404663086e+00,-4.951409339904785156e+00,1.536235904693603516e+01,1.000000000000000000e+00
7.080000000000000071e+00,-2.193656921386718750e+00,-4.965673446655273438e+00,1.540669059753417969e+01,1.000000000000000000e+00
7.100000000000000533e+00,-2.176757335662841797e+00,-4.979813575744628906e+00,1.545106506347656250e+01,1.000000000000000000e+00
7.120000000000000107e+00,-2.159717321395874023e+00,-4.993832588195800781e+00,1.549547767639160156e+01,1.000000000000000000e+00
7.140000000000000568e+00,-2.142538785934448242e+00,-5.007733345031738281e+00,1.553988552093505859e+01,1.000000000000000000e+00
7.160000000000000142e+00,-2.125221729278564453e+00,-5.021520614624023438e+00,1.558427333831787109e+01,1.000000000000000000e+00
7.179999999999999716e+00,-2.107764244079589844e+00,-5.035195350646972656e+00,1.562866878509521484e+01,1.000000000000000000e+00
7.200000000000000178e+00,-2.090163707733154297e+00,-5.048761367797851562e+00,1.567312049865722656e+01,1.000000000000000000e+00
7.219999999999999751e+00,-2.072420358657836914e+00,-5.062220573425292969e+00,1.571761512756347656e+01,1.000000000000000000e+00
7.240000000000000213e+00,-2.054536581039428711e+00,-5.075578212738037109e+00,1.576210117340087891e+01,1.000000000000000000e+00
7.259999999999999787e+00,-2.036513805389404297e+00,-5.088839054107666016e+00,1.580655002593994141e+01,1.000000000000000000e+00
7.280000000000000249e+00,-2.018350601196289062e+00,-5.102007389068603516e+00,1.585097408294677734e+01,1.000000000000000000e+00
7.299999999999999822e+00,-2.000044822692871094e+00,-5.115085601806640625e+00,1.589541816711425781e+01,1.000000000000000000e+00
7.320000000000000284e+00,-1.981596112251281738e+00,-5.128077030181884766e+00,1.593988037109375000e+01,1.000000000000000000e+00
7.339999999999999858e+00,-1.963006615638732910e+00,-5.140988826751708984e+00,1.598431777954101562e+01,1.000000000000000000e+00
7.360000000000000320e+00,-1.944277286529541016e+00,-5.153825283050537109e+00,1.602871131896972656e+01,1.000000000000000000e+00
7.379999999999999893e+00,-1.925406455993652344e+00,-5.166590213775634766e+00,1.607309532165527344e+01,1.000000000000000000e+00
7.400000000000000355e+00,-1.906390309333801270e+00,-5.179287433624267578e+00,1.611753654479980469e+01,1.000000000000000000e+00
7.419999999999999929e+00,-1.887229800224304199e+00,-5.191921234130859375e+00,1.616202735900878906e+01,1.000000000000000000e+00
7.440000000000000391e+00,-1.867927432060241699e+00,-5.204498291015625000e+00,1.620652008056640625e+01,1.000000000000000000e+00
7.459999999999999964e+00,-1.848484516143798828e+00,-5.217023849487304688e+00,1.625099754333496094e+01,1.000000000000000000e+00
7.480000000000000426e+00,-1.828900337219238281e+00,-5.229503154754638672e+00,1.629548835754394531e+01,1.000000000000000000e+00
7.500000000000000000e+00,-1.809173583984375000e+00,-5.241940021514892578e+00,1.634002304077148438e+01,1.000000000000000000e+00
7.520000000000000462e+00,-1.789306282997131348e+00,-5.254340171813964844e+00,1.638458442687988281e+01,1.000000000000000000e+00
7.540000000000000036e+00,-1.769301176071166992e+00,-5.266708850860595703e+00,1.642913246154785156e+01,1.000000000000000000e+00
7.560000000000000497e+00,-1.749160051345825195e+00,-5.279051780700683594e+00,1.647365379333496094e+01,1.000000000000000000e+00
7.580000000000000071e+00,-1.728883028030395508e+00,-5.291372776031494141e+00,1.651815605163574219e+01,1.000000000000000000e+00
7.600000000000000533e+00,-1.708469033241271973e+00,-5.303678035736083984e+00,1.656267547607421875e+01,1.000000000000000000e+00
7.620000000000000107e+00,-1.687919139862060547e+00,-5.315971851348876953e+00,1.660720443725585938e+01,1.000000000000000000e+00
7.640000000000000568e+00,-1.667236924171447754e+00,-5.328260421752929688e+00,1.665168762207031250e+01,1.000000000000000000e+00
7.660000000000000142e+00,-1.646424055099487305e+00,-5.340548515319824219e+00,1.669610977172851562e+01,1.000000000000000000e+00
7.679999999999999716e+00,-1.625479102134704590e+00,-5.352840900421142578e+00,1.674050903320312500e+01,1.000000000000000000e+00
7.700000000000000178e+00,-1.604400038719177246e+00,-5.365143299102783203e+00,1.678493118286132812e+01,1.000000000000000000e+00
7.719999999999999751e+00,-1.583188533782958984e+00,-5.377460479736328125e+00,1.682937049865722656e+01,1.000000000000000000e+00
7.740000000000000213e+00,-1.561847686767578125e+00,-5.389797210693359375e+00,1.687377929687500000e+01,1.000000000000000000e+00
7.759999999999999787e+00,-1.540378808975219727e+00,-5.402158260345458984e+00,1.691814422607421875e+01,1.000000000000000000e+00
7.780000000000000249e+00,-1.518781661987304688e+00,-5.414549827575683594e+00,1.696249008178710938e+01,1.000000000000000000e+00
7.799999999999999822e+00,-1.497054815292358398e+00,-5.426976203918457031e+00,1.700686836242675781e+01,1.000000000000000000e+00
7.820000000000000284e+00,-1.475199699401855469e+00,-5.439442634582519531e+00,1.705127525329589844e+01,1.000000000000000000e+00
7.839999999999999858e+00,-1.453219532966613770e+00,-5.451952457427978516e+00,1.709567832946777344e+01,1.000000000000000000e+00
7.860000000000000320e+00,-1.431115865707397461e+00,-5.464510917663574219e+00,1.714007186889648438e+01,1.000000000000000000e+00
7.879999999999999893e+00,-1.408888936042785645e+00,-5.477123260498046875e+00,1.718448257446289062e+01,1.000000000000000000e+00
7.900000000000000355e+00,-1.386538505554199219e+00,-5.489793300628662109e+00,1.722893333435058594e+01,1.000000000000000000e+00
7.919999999999999929e+00,-1.364066600799560547e+00,-5.502525806427001953e+00,1.727340126037597656e+01,1.000000000000000000e+00
7.940000000000000391e+00,-1.341476202011108398e+00,-5.515324592590332031e+00,1.731784248352050781e+01,1.000000000000000000e+00
7.959999999999999964e+00,-1.318768143653869629e+00,-5.528194427490234375e+00,1.736225509643554688e+01,1.000000000000000000e+00
7.980000000000000426e+00,-1.295942187309265137e+00,-5.541138648986816406e+00,1.740665435791015625e+01,1.000000000000000000e+00
8.000000000000000000e+00,-1.272996664047241211e+00,-5.554163455963134766e+00,1.745106697082519531e+01,1.000000000000000000e+00
8.019999999999999574e+00,-1.249932289123535156e+00,-5.567272186279296875e+00,1.749547767639160156e+01,1.000000000000000000e+00
8.040000000000000924e+00,-1.226750731468200684e+00,-5.580468654632568359e+00,1.753984451293945312e+01,1.000000000000000000e+00
8.060000000000000497e+00,-1.203451752662658691e+00,-5.593758106231689453e+00,1.758416175842285156e+01,1.000000000000000000e+00
8.080000000000000071e+00,-1.180033445358276367e+00,-5.607143878936767578e+00,1.762845993041992188e+01,1.000000000000000000e+00
8.099999999999999645e+00,-1.156493186950683594e+00,-5.620632648468017578e+00,1.767278289794921875e+01,1.000000000000000000e+00
8.120000000000000995e+00,-1.132831335067749023e+00,-5.634227752685546875e+00,1.771711349487304688e+01,1.000000000000000000e+00
8.140000000000000568e+00,-1.109049916267395020e+00,-5.647933006286621094e+00,1.776141166687011719e+01,1.000000000000000000e+00
8.160000000000000142e+00,-1.085149049758911133e+00,-5.661752223968505859e+00,1.780567169189453125e+01,1.000000000000000000e+00
8.179999999999999716e+00,-1.061127185821533203e+00,-5.675690174102783203e+00,1.784992599487304688e+01,1.000000000000000000e+00
8.199999999999999289e+00,-1.036982178688049316e+00,-5.689751625061035156e+00,1.789421463012695312e+01,1.000000000000000000e+00
8.220000000000000639e+00,-1.012715578079223633e+00,-5.703938961029052734e+00,1.793851661682128906e+01,1.000000000000000000e+00
8.240000000000000213e+00,-9.883304238319396973e-01,-5.718254089355468750e+00,1.798277282714843750e+01,1.000000000000000000e+00
8.259999999999999787e+00,-9.638279676437377930e-01,-5.732699871063232422e+00,1.802696990966796875e+01,1.000000000000000000e+00
8.279999999999999361e+00,-9.392070770263671875e-01,-5.747281074523925781e+00,1.807112693786621094e+01,1.000000000000000000e+00
8.300000000000000711e+00,-9.144657254219055176e-01,-5.762001514434814453e+00,1.811528968811035156e+01,1.000000000000000000e+00
8.320000000000000284e+00,-8.896046876907348633e-01,-5.776864528656005859e+00,1.815943908691406250e+01,1.000000000000000000e+00
8.339999999999999858e+00,-8.646262288093566895e-01,-5.791870594024658203e+00,1.820353317260742188e+01,1.000000000000000000e+00
8.359999999999999432e+00,-8.395302891731262207e-01,-5.807023048400878906e+00,1.824756240844726562e+01,1.000000000000000000e+00
8.380000000000000782e+00,-8.143155574798583984e-01,-5.822325229644775391e+00,1.829154968261718750e+01,1.000000000000000000e+00
8.400000000000000355e+00,-7.889792919158935547e-01,-5.837781906127929688e+00,1.833552360534667969e+01,1.000000000000000000e+00
8.419999999999999929e+00,-7.635214328765869141e-01,-5.853394985198974609e+00,1.837946891784667969e+01,1.000000000000000000e+00
8.439999999999999503e+00,-7.379425764083862305e-01,-5.869166374206542969e+00,1.842334365844726562e+01,1.000000000000000000e+00
8.460000000000000853e+00,-7.122417092323303223e-01,-5.885098934173583984e+00,1.846714210510253906e+01,1.000000000000000000e+00
8.480000000000000426e+00,-6.864154338836669922e-01,-5.901196956634521484e+00,1.851089096069335938e+01,1.000000000000000000e+00
8.500000000000000000e+00,-6.604592204093933105e-01,-5.917466163635253906e+00,1.855463409423828125e+01,1.000000000000000000e+00
8.519999999999999574e+00,-6.343711018562316895e-01,-5.933908462524414062e+00,1.859836578369140625e+01,1.000000000000000000e+00
8.540000000000000924e+00,-6.081506609916687012e-01,-5.950526714324951172e+00,1.864204978942871094e+01,1.000000000000000000e+00
8.560000000000000497e+00,-5.817964076995849609e-01,-5.967323303222656250e+00,1.868566513061523438e+01,1.000000000000000000e+00
8.580000000000000071e+00,-5.553044080734252930e-01,-5.984301567077636719e+00,1.872923088073730469e+01,1.000000000000000000e+00
8.599999999999999645e+00,-5.286699533462524414e-01,-6.001467704772949219e+00,1.877277183532714844e+01,1.000000000000000000e+00
8.620000000000000995e+00,-5.018908977508544922e-01,-6.018822669982910156e+00,1.881626510620117188e+01,1.000000000000000000e+00
8.640000000000000568e+00,-4.749661386013031006e-01,-6.036369323730468750e+00,1.885966873168945312e+01,1.000000000000000000e+00
8.660000000000000142e+00,-4.478920698165893555e-01,-6.054110527038574219e+00,1.890298461914062500e+01,1.000000000000000000e+00
8.679999999999999716e+00,-4.206631183624267578e-01,-6.072051525115966797e+00,1.894624328613281250e+01,1.000000000000000000e+00
8.700000000000001066e+00,-3.932726681232452393e-01,-6.090198040008544922e+00,1.898948287963867188e+01,1.000000000000000000e+00
8.720000000000000639e+00,-3.657174110412597656e-01,-6.108553409576416016e+00,1.903270149230957031e+01,1.000000000000000000e+00
8.740000000000000213e+00,-3.379963338375091553e-01,-6.127118110656738281e+00,1.907585906982421875e+01,1.000000000000000000e+00
8.759999999999999787e+00,-3.101074397563934326e-01,-6.145894527435302734e+00,1.911893844604492188e+01,1.000000000000000000e+00
8.779999999999999361e+00,-2.820456027984619141e-01,-6.164887905120849609e+00,1.916196632385253906e+01,1.000000000000000000e+00
8.800000000000000711e+00,-2.538042664527893066e-01,-6.184103012084960938e+00,1.920499610900878906e+01,1.000000000000000000e+00
8.820000000000000284e+00,-2.253815233707427979e-01,-6.203542232513427734e+00,1.924801254272460938e+01,1.000000000000000000e+00
8.839999999999999858e+00,-1.967781633138656616e-01,-6.223205566406250000e+00,1.929096412658691406e+01,1.000000000000000000e+00
8.859999999999999432e+00,-1.679926812648773193e-01,-6.243094444274902344e+00,1.933383750915527344e+01,1.000000000000000000e+00
8.880000000000000782e+00,-1.390211433172225952e-01,-6.263213157653808594e+00,1.937664794921875000e+01,1.000000000000000000e+00
8.900000000000000355e+00,-1.098587661981582642e-01,-6.283565521240234375e+00,1.941942596435546875e+01,1.000000000000000000e+00
8.919999999999999929e+00,-8.050421625375747681e-02,-6.304152011871337891e+00,1.946215248107910156e+01,1.000000000000000000e+00
8.939999999999999503e+00,-5.095803737640380859e-02,-6.324973106384277344e+00,1.950478172302246094e+01,1.000000000000000000e+00
8.960000000000000853e+00,-2.121937647461891174e-02,-6.346029281616210938e+00,1.954729080200195312e+01,1.000000000000000000e+00
8.980000000000000426e+00,8.715895935893058777e-03,-6.367323875427246094e+00,1.958970069885253906e+01,1.000000000000000000e+00
9.000000000000000000e+00,3.885357081890106201e-02,-6.388861179351806641e+00,1.963205909729003906e+01,1.000000000000000000e+00
9.019999999999999574e+00,6.919532269239425659e-02,-6.410642623901367188e+00,1.967436218261718750e+01,1.000000000000000000e+00
9.040000000000000924e+00,9.974008798599243164e-02,-6.432667732238769531e+00,1.971657371520996094e+01,1.000000000000000000e+00
9.060000000000000497e+00,1.304883658885955811e-01,-6.454936504364013672e+00,1.975868415832519531e+01,1.000000000000000000e+00
9.080000000000000071e+00,1.614425331354141235e-01,-6.477450370788574219e+00,1.980070686340332031e+01,1.000000000000000000e+00
9.099999999999999645e+00,1.926058381795883179e-01,-6.500212192535400391e+00,1.984266853332519531e+01,1.000000000000000000e+00
9.120000000000000995e+00,2.239782512187957764e-01,-6.523221015930175781e+00,1.988455009460449219e+01,1.000000000000000000e+00
9.140000000000000568e+00,2.555584013462066650e-01,-6.546474456787109375e+00,1.992631912231445312e+01,1.000000000000000000e+00
9.160000000000000142e+00,2.873468101024627686e-01,-6.569973468780517578e+00,1.996796989440917969e+01,1.000000000000000000e+00
9.179999999999999716e+00,3.193460404872894287e-01,-6.593718528747558594e+00,2.000952148437500000e+01,1.000000000000000000e+00
9.200000000000001066e+00,3.515598773956298828e-01,-6.617712497711181641e+00,2.005100631713867188e+01,1.000000000000000000e+00
9.220000000000000639e+00,3.839882016181945801e-01,-6.641952991485595703e+00,2.009240722656250000e+01,1.000000000000000000e+00
9.240000000000000213e+00,4.166295230388641357e-01,-6.666438102722167969e+00,2.013369941711425781e+01,1.000000000000000000e+00
9.259999999999999787e+00,4.494849443435668945e-01,-6.691167354583740234e+00,2.017488479614257812e+01,1.000000000000000000e+00
9.279999999999999361e+00,4.825571775436401367e-01,-6.716141700744628906e+00,2.021599006652832031e+01,1.000000000000000000e+00
9.300000000000000711e+00,5.158488750457763672e-01,-6.741362094879150391e+00,2.025703811645507812e+01,1.000000000000000000e+00
9.320000000000000284e+00,5.493590831756591797e-01,-6.766825675964355469e+00,2.029801750183105469e+01,1.000000000000000000e+00
9.339999999999999858e+00,5.830851793289184570e-01,-6.792528629302978516e+00,2.033887863159179688e+01,1.000000000000000000e+00
9.359999999999999432e+00,6.170271635055541992e-01,-6.818468570709228516e+00,2.037962341308593750e+01,1.000000000000000000e+00
9.380000000000000782e+00,6.511868238449096680e-01,-6.844645977020263672e+00,2.042026901245117188e+01,1.000000000000000000e+00
9.400000000000000355e+00,6.855663657188415527e-01,-6.871059417724609375e+00,2.046083068847656250e+01,1.000000000000000000e+00
9.419999999999999929e+00,7.201647758483886719e-01,-6.897706031799316406e+00,2.050129318237304688e+01,1.000000000000000000e+00
9.439999999999999503e+00,7.549799084663391113e-01,-6.924580574035644531e+00,2.054162406921386719e+01,1.000000000000000000e+00
9.460000000000000853e+00,7.900123596191406250e-01,-6.951681613922119141e+00,2.058182144165039062e+01,1.000000000000000000e+00
9.480000000000000426e+00,8.252643346786499023e-01,-6.979008197784423828e+00,2.062190628051757812e+01,1.000000000000000000e+00
9.500000000000000000e+00,8.607382178306579590e-01,-7.006558418273925781e+00,2.066190719604492188e+01,1.000000000000000000e+00
9.519999999999999574e+00,8.964332938194274902e-01,-7.034328460693359375e+00,2.070180702209472656e+01,1.000000000000000000e+00
9.540000000000000924e+00,9.323477745056152344e-01,-7.062314033508300781e+00,2.074157714843750000e+01,1.000000000000000000e+00
9.560000000000000497e+00,9.684813022613525391e-01,-7.090510845184326172e+00,2.078121185302734375e+01,1.000000000000000000e+00
9.580000000000000071e+00,1.004834532737731934e+00,-7.118916034698486328e+00,2.082071685791015625e+01,1.000000000000000000e+00
9.599999999999999645e+00,1.041409492492675781e+00,-7.147526264190673828e+00,2.086010742187500000e+01,1.000000000000000000e+00
9.620000000000000995e+00,1.078205466270446777e+00,-7.176338195800781250e+00,2.089937400817871094e+01,1.000000000000000000e+00
9.640000000000000568e+00,1.115221261978149414e+00,-7.205345630645751953e+00,2.093849563598632812e+01,1.000000000000000000e+00
9.660000000000000142e+00,1.152457594871520996e+00,-7.234544754028320312e+00,2.097748374938964844e+01,1.000000000000000000e+00
9.679999999999999716e+00,1.189915657043457031e+00,-7.263932228088378906e+00,2.101634788513183594e+01,1.000000000000000000e+00
9.700000000000001066e+00,1.227596998214721680e+00,-7.293503284454345703e+00,2.105510520935058594e+01,1.000000000000000000e+00
9.720000000000000639e+00,1.265501022338867188e+00,-7.323252677917480469e+00,2.109374809265136719e+01,1.000000000000000000e+00
9.740000000000000213e+00,1.303625822067260742e+00,-7.353175163269042969e+00,2.113224792480468750e+01,1.000000000000000000e+00
9.759999999999999787e+00,1.341971755027770996e+00,-7.383265495300292969e+00,2.117061424255371094e+01,1.000000000000000000e+00
9.779999999999999361e+00,1.380540132522583008e+00,-7.413518428802490234e+00,2.120886802673339844e+01,1.000000000000000000e+00
9.800000000000000711e+00,1.419332623481750488e+00,-7.443928718566894531e+00,2.124702453613281250e+01,1.000000000000000000e+00
9.820000000000000284e+00,1.458346843719482422e+00,-7.474490642547607422e+00,2.128505706787109375e+01,1.000000000000000000e+00
9.839999999999999858e+00,1.497578978538513184e+00,-7.505195617675781250e+00,2.132292938232421875e+01,1.000000000000000000e+00
9.859999999999999432e+00,1.537027239799499512e+00,-7.536036968231201172e+00,2.136061859130859375e+01,1.000000000000000000e+00
9.880000000000000782e+00,1.576690077781677246e+00,-7.567008018493652344e+00,2.139810943603515625e+01,1.000000000000000000e+00
9.900000000000000355e+00,1.616567015647888184e+00,-7.598102569580078125e+00,2.143539428710937500e+01,1.000000000000000000e+00
9.919999999999999929e+00,1.656656146049499512e+00,-7.629312038421630859e+00,2.147245407104492188e+01,1.000000000000000000e+00
9.939999999999999503e+00,1.696955680847167969e+00,-7.660629749298095703e+00,2.150926399230957031e+01,1.000000000000000000e+00
9.960000000000000853e+00,1.737465143203735352e+00,-7.692048072814941406e+00,2.154581642150878906e+01,1.000000000000000000e+00
9.980000000000000426e+00,1.778184533119201660e+00,-7.723560333251953125e+00,2.158210372924804688e+01,1.000000000000000000e+00
1.000000000000000000e+01,1.819114565849304199e+00,-7.755159854888916016e+00,2.161812973022460938e+01,1.000000000000000000e+00
1.001999999999999957e+01,1.860255122184753418e+00,-7.786837577819824219e+00,2.165387344360351562e+01,1.000000000000000000e+00
1.004000000000000092e+01,1.901606559753417969e+00,-7.818584442138671875e+00,2.168929290771484375e+01,1.000000000000000000e+00
1.006000000000000050e+01,1.943171381950378418e+00,-7.850392818450927734e+00,2.172434997558593750e+01,1.000000000000000000e+00
1.008000000000000007e+01,1.984952688217163086e+00,-7.882252693176269531e+00,2.175900840759277344e+01,1.000000000000000000e+00
1.009999999999999964e+01,2.026956796646118164e+00,-7.914155483245849609e+00,2.179325485229492188e+01,1.000000000000000000e+00
1.012000000000000099e+01,2.069192886352539062e+00,-7.946092128753662109e+00,2.182707214355468750e+01,1.000000000000000000e+00
1.014000000000000057e+01,2.111671447753906250e+00,-7.978053569793701172e+00,2.186046028137207031e+01,1.000000000000000000e+00
1.016000000000000014e+01,2.154402256011962891e+00,-8.010028839111328125e+00,2.189340782165527344e+01,1.000000000000000000e+00
1.017999999999999972e+01,2.197395563125610352e+00,-8.042009353637695312e+00,2.192590904235839844e+01,1.000000000000000000e+00
1.020000000000000107e+01,2.240662813186645508e+00,-8.073982238769531250e+00,2.195796203613281250e+01,1.000000000000000000e+00
1.022000000000000064e+01,2.284212589263916016e+00,-8.105935096740722656e+00,2.198954200744628906e+01,1.000000000000000000e+00
1.024000000000000021e+01,2.328053951263427734e+00,-8.137860298156738281e+00,2.202060890197753906e+01,1.000000000000000000e+00
1.025999999999999979e+01,2.372195243835449219e+00,-8.169744491577148438e+00,2.205111694335937500e+01,1.000000000000000000e+00
1.027999999999999936e+01,2.416644811630249023e+00,-8.201575279235839844e+00,2.208102416992187500e+01,1.000000000000000000e+00
1.030000000000000071e+01,2.461413383483886719e+00,-8.233342170715332031e+00,2.211030197143554688e+01,1.000000000000000000e+00
1.032000000000000028e+01,2.506508588790893555e+00,-8.265031814575195312e+00,2.213890647888183594e+01,1.000000000000000000e+00
1.033999999999999986e+01,2.551934719085693359e+00,-8.296631813049316406e+00,2.216677284240722656e+01,1.000000000000000000e+00
1.035999999999999943e+01,2.597693920135498047e+00,-8.328130722045898438e+00,2.219383049011230469e+01,1.000000000000000000e+00
1.038000000000000078e+01,2.643789052963256836e+00,-8.359516143798828125e+00,2.222001647949218750e+01,1.000000000000000000e+00
1.040000000000000036e+01,2.690219163894653320e+00,-8.390775680541992188e+00,2.224526977539062500e+01,1.000000000000000000e+00
1.041999999999999993e+01,2.736981153488159180e+00,-8.421895980834960938e+00,2.226951789855957031e+01,1.000000000000000000e+00
1.043999999999999950e+01,2.784069061279296875e+00,-8.452864646911621094e+00,2.229267501831054688e+01,1.000000000000000000e+00
1.046000000000000085e+01,2.831475734710693359e+00,-8.483670234680175781e+00,2.231465911865234375e+01,1.000000000000000000e+00
1.048000000000000043e+01,2.879192113876342773e+00,-8.514299392700195312e+00,2.233538627624511719e+01,1.000000000000000000e+00
1.050000000000000000e+01,2.927206754684448242e+00,-8.544738769531250000e+00,2.235477828979492188e+01,1.000000000000000000e+00
1.051999999999999957e+01,2.975502490997314453e+00,-8.574970245361328125e+00,2.237277793884277344e+01,1.000000000000000000e+00
1.054000000000000092e+01,3.024061203002929688e+00,-8.604980468750000000e+00,2.238934326171875000e+01,1.000000000000000000e+00
1.056000000000000050e+01,3.072864055633544922e+00,-8.634750366210937500e+00,2.240443992614746094e+01,1.000000000000000000e+00
1.058000000000000007e+01,3.121890306472778320e+00,-8.664259910583496094e+00,2.241805458068847656e+01,1.000000000000000000e+00
1.059999999999999964e+01,3.171120405197143555e+00,-8.693487167358398438e+00,2.243018722534179688e+01,1.000000000000000000e+00
1.062000000000000099e+01,3.220538854598999023e+00,-8.722407341003417969e+00,2.244085121154785156e+01,1.000000000000000000e+00
1.064000000000000057e+01,3.270133256912231445e+00,-8.750994682312011719e+00,2.245006179809570312e+01,1.000000000000000000e+00
1.066000000000000014e+01,3.319894552230834961e+00,-8.779220581054687500e+00,2.245783615112304688e+01,1.000000000000000000e+00
1.067999999999999972e+01,3.369817018508911133e+00,-8.807056427001953125e+00,2.246419334411621094e+01,1.000000000000000000e+00
1.070000000000000107e+01,3.419894218444824219e+00,-8.834473609924316406e+00,2.246913909912109375e+01,1.000000000000000000e+00
1.072000000000000064e+01,3.470120668411254883e+00,-8.861438751220703125e+00,2.247268867492675781e+01,1.000000000000000000e+00
1.074000000000000021e+01,3.520494222640991211e+00,-8.887918472290039062e+00,2.247486686706542969e+01,1.000000000000000000e+00
1.075999999999999979e+01,3.571014165878295898e+00,-8.913879394531250000e+00,2.247567558288574219e+01,1.000000000000000000e+00
1.077999999999999936e+01,3.621681928634643555e+00,-8.939287185668945312e+00,2.247511672973632812e+01,1.000000000000000000e+00
1.080000000000000071e+01,3.672498703002929688e+00,-8.964108467102050781e+00,2.247318458557128906e+01,1.000000000000000000e+00
1.082000000000000028e+01,3.723468780517578125e+00,-8.988302230834960938e+00,2.246989631652832031e+01,1.000000000000000000e+00
1.083999999999999986e+01,3.774600505828857422e+00,-9.011822700500488281e+00,2.246528625488281250e+01,1.000000000000000000e+00
1.085999999999999943e+01,3.825903654098510742e+00,-9.034627914428710938e+00,2.245936775207519531e+01,1.000000000000000000e+00
1.088000000000000078e+01,3.877389907836914062e+00,-9.056674957275390625e+00,2.245215797424316406e+01,1.000000000000000000e+00
1.090000000000000036e+01,3.929073572158813477e+00,-9.077919960021972656e+00,2.244366264343261719e+01,1.000000000000000000e+00
1.091999999999999993e+01,3.980972290039062500e+00,-9.098311424255371094e+00,2.243391609191894531e+01,1.000000000000000000e+00
1.093999999999999950e+01,4.033103942871093750e+00,-9.117794990539550781e+00,2.242294883728027344e+01,1.000000000000000000e+00
1.096000000000000085e+01,4.085484027862548828e+00,-9.136328697204589844e+00,2.241076850891113281e+01,1.000000000000000000e+00
1.098000000000000043e+01,4.138127803802490234e+00,-9.153868675231933594e+00,2.239736557006835938e+01,1.000000000000000000e+00
1.100000000000000000e+01,4.191051959991455078e+00,-9.170375823974609375e+00,2.238273429870605469e+01,1.000000000000000000e+00
1.101999999999999957e+01,4.244277000427246094e+00,-9.185784339904785156e+00,2.236692237854003906e+01,1.000000000000000000e+00
1.104000000000000092e+01,4.297827720642089844e+00,-9.200016975402832031e+00,2.235001945495605469e+01,1.000000000000000000e+00
1.106000000000000050e+01,4.351727485656738281e+00,-9.213000297546386719e+00,2.233207893371582031e+01,1.000000000000000000e+00
1.108000000000000007e+01,4.405995368957519531e+00,-9.224677085876464844e+00,2.231312751770019531e+01,1.000000000000000000e+00
1.109999999999999964e+01,4.460649490356445312e+00,-9.234992027282714844e+00,2.229318046569824219e+01,1.000000000000000000e+00
1.112000000000000099e+01,4.515717506408691406e+00,-9.243855476379394531e+00,2.227232360839843750e+01,1.000000000000000000e+00
1.114000000000000057e+01,4.571228981018066406e+00,-9.251158714294433594e+00,2.225067710876464844e+01,1.000000000000000000e+00
1.116000000000000014e+01,4.627207756042480469e+00,-9.256812095642089844e+00,2.222831916809082031e+01,1.000000000000000000e+00
1.117999999999999972e+01,4.683674812316894531e+00,-9.260741233825683594e+00,2.220529747009277344e+01,1.000000000000000000e+00
1.120000000000000107e+01,4.740645885467529297e+00,-9.262884140014648438e+00,2.218164062500000000e+01,1.000000000000000000e+00
1.122000000000000064e+01,4.798137187957763672e+00,-9.263172149658203125e+00,2.215738487243652344e+01,1.000000000000000000e+00
1.124000000000000021e+01,4.856157779693603516e+00,-9.261549949645996094e+00,2.213255119323730469e+01,1.000000000000000000e+00
1.125999999999999979e+01,4.914713382720947266e+00,-9.257976531982421875e+00,2.210713195800781250e+01,1.000000000000000000e+00
1.127999999999999936e+01,4.973805427551269531e+00,-9.252427101135253906e+00,2.208110618591308594e+01,1.000000000000000000e+00
1.130000000000000071e+01,5.033433914184570312e+00,-9.244881629943847656e+00,2.205444526672363281e+01,1.000000000000000000e+00
1.132000000000000028e+01,5.093603610992431641e+00,-9.235301971435546875e+00,2.202715110778808594e+01,1.000000000000000000e+00
1.133999999999999986e+01,5.154315948486328125e+00,-9.223663330078125000e+00,2.199922370910644531e+01,1.000000000000000000e+00
1.135999999999999943e+01,5.215565204620361328e+00,-9.209957122802734375e+00,2.197062873840332031e+01,1.000000000000000000e+00
1.138000000000000078e+01,5.277342796325683594e+00,-9.194190979003906250e+00,2.194131851196289062e+01,1.000000000000000000e+00
1.140000000000000036e+01,5.339634418487548828e+00,-9.176379203796386719e+00,2.191124153137207031e+01,1.000000000000000000e+00
1.141999999999999993e+01,5.402432918548583984e+00,-9.156504631042480469e+00,2.188039207458496094e+01,1.000000000000000000e+00
1.143999999999999950e+01,5.465730190277099609e+00,-9.134553909301757812e+00,2.184877586364746094e+01,1.000000000000000000e+00
1.146000000000000085e+01,5.529510498046875000e+00,-9.110529899597167969e+00,2.181636810302734375e+01,1.000000000000000000e+00
1.148000000000000043e+01,5.593751907348632812e+00,-9.084450721740722656e+00,2.178312301635742188e+01,1.000000000000000000e+00
1.150000000000000000e+01,5.658431053161621094e+00,-9.056340217590332031e+00,2.174899101257324219e+01,1.000000000000000000e+00
1.151999999999999957e+01,5.723530769348144531e+00,-9.026180267333984375e+00,2.171399497985839844e+01,1.000000000000000000e+00
1.154000000000000092e+01,5.789037704467773438e+00,-8.993937492370605469e+00,2.167817497253417969e+01,1.000000000000000000e+00
1.156000000000000050e+01,5.854928493499755859e+00,-8.959608078002929688e+00,2.164153099060058594e+01,1.000000000000000000e+00
1.158000000000000007e+01,5.921174049377441406e+00,-8.923209190368652344e+00,2.160403633117675781e+01,1.000000000000000000e+00
1.159999999999999964e+01,5.987742424011230469e+00,-8.884771347045898438e+00,2.156565093994140625e+01,1.000000000000000000e+00
1.162000000000000099e+01,6.054609775543212891e+00,-8.844267845153808594e+00,2.152640914916992188e+01,1.000000000000000000e+00
1.164000000000000057e+01,6.121755123138427734e+00,-8.801649093627929688e+00,2.148638725280761719e+01,1.000000000000000000e+00
1.166000000000000014e+01,6.189149856567382812e+00,-8.756892204284667969e+00,2.144562339782714844e+01,1.000000000000000000e+00
1.167999999999999972e+01,6.256761074066162109e+00,-8.710000991821289062e+00,2.140411949157714844e+01,1.000000000000000000e+00
1.170000000000000107e+01,6.324553489685058594e+00,-8.661001205444335938e+00,2.136184310913085938e+01,1.000000000000000000e+00
1.172000000000000064e+01,6.392494678497314453e+00,-8.609865188598632812e+00,2.131884193420410156e+01,1.000000000000000000e+00
1.174000000000000021e+01,6.460557460784912109e+00,-8.556530952453613281e+00,2.127521514892578125e+01,1.000000000000000000e+00
1.175999999999999979e+01,6.528708457946777344e+00,-8.500961303710937500e+00,2.123102760314941406e+01,1.000000000000000000e+00
1.177999999999999936e+01,6.596911907196044922e+00,-8.443162918090820312e+00,2.118628501892089844e+01,1.000000000000000000e+00
1.180000000000000071e+01,6.665132045745849609e+00,-8.383166313171386719e+00,2.114095497131347656e+01,1.000000000000000000e+00
1.182000000000000028e+01,6.733333110809326172e+00,-8.320943832397460938e+00,2.109509277343750000e+01,1.000000000000000000e+00
1.183999999999999986e+01,6.801482677459716797e+00,-8.256420135498046875e+00,2.104883384704589844e+01,1.000000000000000000e+00
1.185999999999999943e+01,6.869544506072998047e+00,-8.189552307128906250e+00,2.100225830078125000e+01,1.000000000000000000e+00
1.188000000000000078e+01,6.937483787536621094e+00,-8.120347976684570312e+00,2.095537948608398438e+01,1.000000000000000000e+00
1.190000000000000036e+01,7.005268096923828125e+00,-8.048845291137695312e+00,2.090816688537597656e+01,1.000000000000000000e+00
1.191999999999999993e+01,7.072864532470703125e+00,-7.975036621093750000e+00,2.086066055297851562e+01,1.000000000000000000e+00
1.193999999999999950e+01,7.140238285064697266e+00,-7.898882389068603516e+00,2.081295394897460938e+01,1.000000000000000000e+00
1.196000000000000085e+01,7.207358837127685547e+00,-7.820371150970458984e+00,2.076510047912597656e+01,1.000000000000000000e+00
1.198000000000000043e+01,7.274197578430175781e+00,-7.739531040191650391e+00,2.071709632873535156e+01,1.000000000000000000e+00
1.200000000000000000e+01,7.340731620788574219e+00,-7.656414985656738281e+00,2.066890335083007812e+01,1.000000000000000000e+00
1.201999999999999957e+01,7.406934738159179688e+00,-7.571035385131835938e+00,2.062054824829101562e+01,1.000000000000000000e+00
1.204000000000000092e+01,7.472778320312500000e+00,-7.483372688293457031e+00,2.057211494445800781e+01,1.000000000000000000e+00
1.206000000000000050e+01,7.538239955902099609e+00,-7.393432617187500000e+00,2.052365303039550781e+01,1.000000000000000000e+00
1.208000000000000007e+01,7.603300571441650391e+00,-7.301257133483886719e+00,2.047514915466308594e+01,1.000000000000000000e+00
1.209999999999999964e+01,7.667947769165039062e+00,-7.206917762756347656e+00,2.042655754089355469e+01,1.000000000000000000e+00
1.212000000000000099e+01,7.732167243957519531e+00,-7.110458374023437500e+00,2.037786865234375000e+01,1.000000000000000000e+00
1.214000000000000057e+01,7.795941352844238281e+00,-7.011896610260009766e+00,2.032912635803222656e+01,1.000000000000000000e+00
1.216000000000000014e+01,7.859255790710449219e+00,-6.911268234252929688e+00,2.028034591674804688e+01,1.000000000000000000e+00
1.217999999999999972e+01,7.922101497650146484e+00,-6.808635711669921875e+00,2.023149681091308594e+01,1.000000000000000000e+00
1.220000000000000107e+01,7.984475612640380859e+00,-6.704076766967773438e+00,2.018252563476562500e+01,1.000000000000000000e+00
1.222000000000000064e+01,8.046367645263671875e+00,-6.597636699676513672e+00,2.013344001770019531e+01,1.000000000000000000e+00
1.224000000000000021e+01,8.107764244079589844e+00,-6.489334583282470703e+00,2.008429527282714844e+01,1.000000000000000000e+00
1.225999999999999979e+01,8.168652534484863281e+00,-6.379202842712402344e+00,2.003513526916503906e+01,1.000000000000000000e+00
1.228000000000000114e+01,8.229026794433593750e+00,-6.267295360565185547e+00,1.998595809936523438e+01,1.000000000000000000e+00
1.230000000000000071e+01,8.288885116577148438e+00,-6.153680324554443359e+00,1.993673515319824219e+01,1.000000000000000000e+00
1.232000000000000028e+01,8.348217010498046875e+00,-6.038389682769775391e+00,1.988751602172851562e+01,1.000000000000000000e+00
1.233999999999999986e+01,8.407004356384277344e+00,-5.921427249908447266e+00,1.983842658996582031e+01,1.000000000000000000e+00
1.235999999999999943e+01,8.465233802795410156e+00,-5.802812576293945312e+00,1.978955459594726562e+01,1.000000000000000000e+00
1.238000000000000078e+01,8.522896766662597656e+00,-5.682593345642089844e+00,1.974093627929687500e+01,1.000000000000000000e+00
1.240000000000000036e+01,8.579992294311523438e+00,-5.560830116271972656e+00,1.969257736206054688e+01,1.000000000000000000e+00
1.241999999999999993e+01,8.636503219604492188e+00,-5.437543869018554688e+00,1.964459037780761719e+01,1.000000000000000000e+00
1.243999999999999950e+01,8.692402839660644531e+00,-5.312715530395507812e+00,1.959720420837402344e+01,1.000000000000000000e+00
1.246000000000000085e+01,8.747660636901855469e+00,-5.186320304870605469e+00,1.955068206787109375e+01,1.000000000000000000e+00
1.248000000000000043e+01,8.802248001098632812e+00,-5.058345317840576172e+00,1.950528717041015625e+01,1.000000000000000000e+00
1.250000000000000000e+01,8.856138229370117188e+00,-4.928784847259521484e+00,1.946128273010253906e+01,1.000000000000000000e+00
1.251999999999999957e+01,8.909307479858398438e+00,-4.797643184661865234e+00,1.941893768310546875e+01,1.000000000000000000e+00
1.254000000000000092e+01,8.961735725402832031e+00,-4.664936542510986328e+00,1.937850952148437500e+01,1.000000000000000000e+00
1.256000000000000050e+01,9.013405799865722656e+00,-4.530673503875732422e+00,1.934029579162597656e+01,1.000000000000000000e+00
1.258000000000000007e+01,9.064304351806640625e+00,-4.394834518432617188e+00,1.930463218688964844e+01,1.000000000000000000e+00
1.259999999999999964e+01,9.114399909973144531e+00,-4.257428646087646484e+00,1.927194404602050781e+01,1.000000000000000000e+00
1.262000000000000099e+01,9.163663864135742188e+00,-4.118487834930419922e+00,1.924261093139648438e+01,1.000000000000000000e+00
1.264000000000000057e+01,9.212077140808105469e+00,-3.978075981140136719e+00,1.921690940856933594e+01,1.000000000000000000e+00
1.266000000000000014e+01,9.259620666503906250e+00,-3.836276531219482422e+00,1.919503402709960938e+01,1.000000000000000000e+00
1.267999999999999972e+01,9.306277275085449219e+00,-3.693183183670043945e+00,1.917713737487792969e+01,1.000000000000000000e+00
1.270000000000000107e+01,9.352025985717773438e+00,-3.548895359039306641e+00,1.916331863403320312e+01,1.000000000000000000e+00
1.272000000000000064e+01,9.396852493286132812e+00,-3.403527021408081055e+00,1.915352821350097656e+01,1.000000000000000000e+00
1.274000000000000021e+01,9.440739631652832031e+00,-3.257198572158813477e+00,1.914761734008789062e+01,1.000000000000000000e+00
1.275999999999999979e+01,9.483668327331542969e+00,-3.110021829605102539e+00,1.914540481567382812e+01,1.000000000000000000e+00
1.278000000000000114e+01,9.525607109069824219e+00,-2.962095975875854492e+00,1.914674568176269531e+01,1.000000000000000000e+00
1.280000000000000071e+01,9.566514968872070312e+00,-2.813507318496704102e+00,1.915152168273925781e+01,1.000000000000000000e+00
1.282000000000000028e+01,9.606348037719726562e+00,-2.664340972900390625e+00,1.915958023071289062e+01,1.000000000000000000e+00
1.283999999999999986e+01,9.645073890686035156e+00,-2.514680147171020508e+00,1.917069816589355469e+01,1.000000000000000000e+00
1.285999999999999943e+01,9.682655334472656250e+00,-2.364603757858276367e+00,1.918465232849121094e+01,1.000000000000000000e+00
1.288000000000000078e+01,9.719045639038085938e+00,-2.214181423187255859e+00,1.920127105712890625e+01,1.000000000000000000e+00
1.290000000000000036e+01,9.754185676574707031e+00,-2.063475370407104492e+00,1.922046470642089844e+01,1.000000000000000000e+00
1.291999999999999993e+01,9.788020133972167969e+00,-1.912546515464782715e+00,1.924211883544921875e+01,1.000000000000000000e+00
1.293999999999999950e+01,9.820505142211914062e+00,-1.761456847190856934e+00,1.926607322692871094e+01,1.000000000000000000e+00
1.296000000000000085e+01,9.851596832275390625e+00,-1.610265731811523438e+00,1.929217910766601562e+01,1.000000000000000000e+00
1.298000000000000043e+01,9.881241798400878906e+00,-1.459029912948608398e+00,1.932034301757812500e+01,1.000000000000000000e+00
1.300000000000000000e+01,9.909376144409179688e+00,-1.307804346084594727e+00,1.935053253173828125e+01,1.000000000000000000e+00
1.301999999999999957e+01,9.935942649841308594e+00,-1.156644821166992188e+00,1.938269233703613281e+01,1.000000000000000000e+00
1.304000000000000092e+01,9.960895538330078125e+00,-1.005607485771179199e+00,1.941673469543457031e+01,1.000000000000000000e+00
1.306000000000000050e+01,9.984190940856933594e+00,-8.547482490539550781e-01,1.945258712768554688e+01,1.000000000000000000e+00
1.308000000000000007e+01,1.000577831268310547e+01,-7.041240334510803223e-01,1.949020385742187500e+01,1.000000000000000000e+00
1.309999999999999964e+01,1.002559757232666016e+01,-5.537936091423034668e-01,1.952958679199218750e+01,1.000000000000000000e+00
1.312000000000000099e+01,1.004359817504882812e+01,-4.038155376911163330e-01,1.957070922851562500e+01,1.000000000000000000e+00
1.314000000000000057e+01,1.005975246429443359e+01,-2.542467713356018066e-01,1.961349678039550781e+01,1.000000000000000000e+00
1.316000000000000014e+01,1.007403182983398438e+01,-1.051446273922920227e-01,1.965788078308105469e+01,1.000000000000000000e+00
1.317999999999999972e+01,1.008639907836914062e+01,4.343098774552345276e-02,1.970383071899414062e+01,1.000000000000000000e+00
1.320000000000000107e+01,1.009680652618408203e+01,1.914161294698715210e-01,1.975135231018066406e+01,1.000000000000000000e+00
1.322000000000000064e+01,1.010522079467773438e+01,3.387487232685089111e-01,1.980042648315429688e+01,1.000000000000000000e+00
1.324000000000000021e+01,1.011162662506103516e+01,4.853704571723937988e-01,1.985098266601562500e+01,1.000000000000000000e+00
1.325999999999999979e+01,1.011601161956787109e+01,6.312219500541687012e-01,1.990296363830566406e+01,1.000000000000000000e+00
1.328000000000000114e+01,1.011835193634033203e+01,7.762409448623657227e-01,1.995633697509765625e+01,1.000000000000000000e+00
1.330000000000000071e+01,1.011862087249755859e+01,9.203604459762573242e-01,2.001109695434570312e+01,1.000000000000000000e+00
1.332000000000000028e+01,1.011679935455322266e+01,1.063514947891235352e+00,2.006722068786621094e+01,1.000000000000000000e+00
1.333999999999999986e+01,1.011287975311279297e+01,1.205643057823181152e+00,2.012466049194335938e+01,1.000000000000000000e+00
1.335999999999999943e+01,1.010685634613037109e+01,1.346683144569396973e+00,2.018337440490722656e+01,1.000000000000000000e+00
1.338000000000000078e+01,1.009872531890869141e+01,1.486572027206420898e+00,2.024332427978515625e+01,1.000000000000000000e+00
1.340000000000000036e+01,1.008847713470458984e+01,1.625242710113525391e+00,2.030449104309082031e+01,1.000000000000000000e+00
1.341999999999999993e+01,1.007610607147216797e+01,1.762629866600036621e+00,2.036684799194335938e+01,1.000000000000000000e+00
1.343999999999999950e+01,1.006161880493164062e+01,1.898673892021179199e+00,2.043034553527832031e+01,1.000000000000000000e+00
1.346000000000000085e+01,1.004502964019775391e+01,2.033317565917968750e+00,2.049493217468261719e+01,1.000000000000000000e+00
1.348000000000000043e+01,1.002634811401367188e+01,2.166502475738525391e+00,2.056056022644042969e+01,1.000000000000000000e+00
1.350000000000000000e+01,1.000558185577392578e+01,2.298165321350097656e+00,2.062720298767089844e+01,1.000000000000000000e+00
1.351999999999999957e+01,9.982739448547363281e+00,2.428244113922119141e+00,2.069482994079589844e+01,1.000000000000000000e+00
1.354000000000000092e+01,9.957835197448730469e+00,2.556681394577026367e+00,2.076340103149414062e+01,1.000000000000000000e+00
1.356000000000000050e+01,9.930893898010253906e+00,2.683423519134521484e+00,2.083286857604980469e+01,1.000000000000000000e+00
1.358000000000000007e+01,9.901933670043945312e+00,2.808416128158569336e+00,2.090319252014160156e+01,1.000000000000000000e+00
1.359999999999999964e+01,9.870969772338867188e+00,2.931598901748657227e+00,2.097434997558593750e+01,1.000000000000000000e+00
1.362000000000000099e+01,9.838024139404296875e+00,3.052915573120117188e+00,2.104631042480468750e+01,1.000000000000000000e+00
1.364000000000000057e+01,9.803125381469726562e+00,3.172320365905761719e+00,2.111902427673339844e+01,1.000000000000000000e+00
1.366000000000000014e+01,9.766310691833496094e+00,3.289771556854248047e+00,2.119242858886718750e+01,1.000000000000000000e+00
1.367999999999999972e+01,9.727614402770996094e+00,3.405226230621337891e+00,2.126648139953613281e+01,1.000000000000000000e+00
1.370000000000000107e+01,9.687063217163085938e+00,3.518635272979736328e+00,2.134115219116210938e+01,1.000000000000000000e+00
1.372000000000000064e+01,9.644682884216308594e+00,3.629947423934936523e+00,2.141641998291015625e+01,1.000000000000000000e+00
1.374000000000000021e+01,9.600506782531738281e+00,3.739120960235595703e+00,2.149224662780761719e+01,1.000000000000000000e+00
1.375999999999999979e+01,9.554574966430664062e+00,3.846122741699218750e+00,2.156858444213867188e+01,1.000000000000000000e+00
1.378000000000000114e+01,9.506930351257324219e+00,3.950916767120361328e+00,2.164539146423339844e+01,1.000000000000000000e+00
1.380000000000000071e+01,9.457597732543945312e+00,4.053455829620361328e+00,2.172265625000000000e+01,1.000000000000000000e+00
1.382000000000000028e+01,9.406612396240234375e+00,4.153695106506347656e+00,2.180036735534667969e+01,1.000000000000000000e+00
1.383999999999999986e+01,9.354015350341796875e+00,4.251606941223144531e+00,2.187848472595214844e+01,1.000000000000000000e+00
1.385999999999999943e+01,9.299854278564453125e+00,4.347167968750000000e+00,2.195696449279785156e+01,1.000000000000000000e+00
1.388000000000000078e+01,9.244174003601074219e+00,4.440351486206054688e+00,2.203577423095703125e+01,1.000000000000000000e+00
1.390000000000000036e+01,9.187006950378417969e+00,4.531114101409912109e+00,2.211491775512695312e+01,1.000000000000000000e+00
1.391999999999999993e+01,9.128390312194824219e+00,4.619421005249023438e+00,2.219438552856445312e+01,1.000000000000000000e+00
1.393999999999999950e+01,9.068374633789062500e+00,4.705260753631591797e+00,2.227413368225097656e+01,1.000000000000000000e+00
1.396000000000000085e+01,9.007020950317382812e+00,4.788634300231933594e+00,2.235409927368164062e+01,1.000000000000000000e+00
1.398000000000000043e+01,8.944379806518554688e+00,4.869530677795410156e+00,2.243424797058105469e+01,1.000000000000000000e+00
1.400000000000000000e+01,8.880488395690917969e+00,4.947918415069580078e+00,2.251458358764648438e+01,1.000000000000000000e+00
1.401999999999999957e+01,8.815389633178710938e+00,5.023772716522216797e+00,2.259510040283203125e+01,1.000000000000000000e+00
1.404000000000000092e+01,8.749138832092285156e+00,5.097095012664794922e+00,2.267575454711914062e+01,1.000000000000000000e+00
1.406000000000000050e+01,8.681797027587890625e+00,5.167898178100585938e+00,2.275648689270019531e+01,1.000000000000000000e+00
1.408000000000000007e+01,8.613416671752929688e+00,5.236186981201171875e+00,2.283725929260253906e+01,1.000000000000000000e+00
1.409999999999999964e+01,8.544042587280273438e+00,5.301943302154541016e+00,2.291807174682617188e+01,1.000000000000000000e+00
1.412000000000000099e+01,8.473721504211425781e+00,5.365161895751953125e+00,2.299890518188476562e+01,1.000000000000000000e+00
1.414000000000000057e+01,8.402516365051269531e+00,5.425867080688476562e+00,2.307970046997070312e+01,1.000000000000000000e+00
1.416000000000000014e+01,8.330484390258789062e+00,5.484090328216552734e+00,2.316038894653320312e+01,1.000000000000000000e+00
1.417999999999999972e+01,8.257681846618652344e+00,5.539849758148193359e+00,2.324092864990234375e+01,1.000000000000000000e+00
1.420000000000000107e+01,8.184158325195312500e+00,5.593147277832031250e+00,2.332130622863769531e+01,1.000000000000000000e+00
1.422000000000000064e+01,8.109964370727539062e+00,5.643998146057128906e+00,2.340148735046386719e+01,1.000000000000000000e+00
1.424000000000000021e+01,8.035159111022949219e+00,5.692444801330566406e+00,2.348139953613281250e+01,1.000000000000000000e+00
1.425999999999999979e+01,7.959800720214843750e+00,5.738531112670898438e+00,2.356097030639648438e+01,2.000000000000000000e+00
1.428000000000000114e+01,7.884055137634277344e+00,5.782254695892333984e+00,2.364018249511718750e+01,2.000000000000000000e+00
1.430000000000000071e+01,7.808303833007812500e+00,5.823587417602539062e+00,2.371906852722167969e+01,2.000000000000000000e+00
1.432000000000000028e+01,7.733432769775390625e+00,5.862558364868164062e+00,2.379759407043457031e+01,2.000000000000000000e+00
1.433999999999999986e+01,7.660518646240234375e+00,5.899278163909912109e+00,2.387564468383789062e+01,2.000000000000000000e+00
1.435999999999999943e+01,7.590221405029296875e+00,5.933900356292724609e+00,2.395305442810058594e+01,2.000000000000000000e+00
1.438000000000000078e+01,7.522678852081298828e+00,5.966579437255859375e+00,2.402965164184570312e+01,2.000000000000000000e+00
1.440000000000000036e+01,7.457745552062988281e+00,5.997443675994873047e+00,2.410528945922851562e+01,2.000000000000000000e+00
1.441999999999999993e+01,7.396087646484375000e+00,6.026611804962158203e+00,2.417991828918457031e+01,2.000000000000000000e+00
1.443999999999999950e+01,7.339062213897705078e+00,6.054216861724853516e+00,2.425354385375976562e+01,2.000000000000000000e+00
1.446000000000000085e+01,7.287681579589843750e+00,6.080384731292724609e+00,2.432618522644042969e+01,2.000000000000000000e+00
1.448000000000000043e+01,7.242267608642578125e+00,6.105210304260253906e+00,2.439785766601562500e+01,2.000000000000000000e+00
1.450000000000000000e+01,7.202590942382812500e+00,6.128752708435058594e+00,2.446857452392578125e+01,2.000000000000000000e+00
1.451999999999999957e+01,7.169121265411376953e+00,6.151114463806152344e+00,2.453838157653808594e+01,2.000000000000000000e+00
1.454000000000000092e+01,7.142906665802001953e+00,6.172443866729736328e+00,2.460734367370605469e+01,2.000000000000000000e+00
1.456000000000000050e+01,7.124542236328125000e+00,6.192867279052734375e+00,2.467550086975097656e+01,2.000000000000000000e+00
1.458000000000000007e+01,7.114230155944824219e+00,6.212482929229736328e+00,2.474288940429687500e+01,2.000000000000000000e+00
1.459999999999999964e+01,7.111694812774658203e+00,6.231395721435546875e+00,2.480941581726074219e+01,2.000000000000000000e+00
1.462000000000000099e+01,7.116874217987060547e+00,6.249704837799072266e+00,2.487503814697265625e+01,2.000000000000000000e+00
1.464000000000000057e+01,7.129867553710937500e+00,6.267495632171630859e+00,2.493977165222167969e+01,2.000000000000000000e+00
1.466000000000000014e+01,7.150588989257812500e+00,6.284843444824218750e+00,2.500360298156738281e+01,2.000000000000000000e+00
1.467999999999999972e+01,7.178922653198242188e+00,6.301810741424560547e+00,2.506652641296386719e+01,2.000000000000000000e+00
1.470000000000000107e+01,7.214757442474365234e+00,6.318449974060058594e+00,2.512854385375976562e+01,2.000000000000000000e+00
1.472000000000000064e+01,7.258017539978027344e+00,6.334827899932861328e+00,2.518960571289062500e+01,2.000000000000000000e+00
1.474000000000000021e+01,7.308710098266601562e+00,6.351038932800292969e+00,2.524958229064941406e+01,2.000000000000000000e+00
1.475999999999999979e+01,7.366888523101806641e+00,6.367194175720214844e+00,2.530828094482421875e+01,2.000000000000000000e+00
1.478000000000000114e+01,7.432593822479248047e+00,6.383406162261962891e+00,2.536545753479003906e+01,2.000000000000000000e+00
1.480000000000000071e+01,7.505832195281982422e+00,6.399790763854980469e+00,2.542080688476562500e+01,2.000000000000000000e+00
